CODIGO_ESTACION;NOMBRE_ESTACION;NUCLEO_CERCANIAS;TRAMO_HORARIO;VIAJEROS_SUBIDOS;VIAJEROS_BAJADOS
15118;PUENTE DE LOS FIERROS;ASTURIAS;07:00 - 07:30;0;2
15118;PUENTE DE LOS FIERROS;ASTURIAS;07:30 - 08:00;1;0
15118;PUENTE DE LOS FIERROS;ASTURIAS;08:00 - 08:30;1;0
15118;PUENTE DE LOS FIERROS;ASTURIAS;11:00 - 11:30;1;1
15118;PUENTE DE LOS FIERROS;ASTURIAS;11:30 - 12:00;0;0
15118;PUENTE DE LOS FIERROS;ASTURIAS;13:30 - 14:00;0;2
15118;PUENTE DE LOS FIERROS;ASTURIAS;16:00 - 16:30;0;1
15118;PUENTE DE LOS FIERROS;ASTURIAS;16:30 - 17:00;0;0
15118;PUENTE DE LOS FIERROS;ASTURIAS;17:30 - 18:00;0;0
15118;PUENTE DE LOS FIERROS;ASTURIAS;19:00 - 19:30;0;0
15118;PUENTE DE LOS FIERROS;ASTURIAS;21:00 - 21:30;0;0
15118;PUENTE DE LOS FIERROS;ASTURIAS;21:30 - 22:00;0;0
15118;PUENTE DE LOS FIERROS;ASTURIAS;22:30 - 23:00;0;1
15119;LA FRECHA;ASTURIAS;07:00 - 07:30;0;0
15119;LA FRECHA;ASTURIAS;07:30 - 08:00;0;0
15119;LA FRECHA;ASTURIAS;08:00 - 08:30;0;0
15119;LA FRECHA;ASTURIAS;11:00 - 11:30;0;1
15119;LA FRECHA;ASTURIAS;11:30 - 12:00;1;0
15119;LA FRECHA;ASTURIAS;13:30 - 14:00;0;0
15119;LA FRECHA;ASTURIAS;16:00 - 16:30;0;1
15119;LA FRECHA;ASTURIAS;16:30 - 17:00;0;0
15119;LA FRECHA;ASTURIAS;17:30 - 18:00;0;0
15119;LA FRECHA;ASTURIAS;19:00 - 19:30;0;0
15119;LA FRECHA;ASTURIAS;19:30 - 20:00;0;0
15119;LA FRECHA;ASTURIAS;21:00 - 21:30;0;0
15119;LA FRECHA;ASTURIAS;21:30 - 22:00;0;0
15119;LA FRECHA;ASTURIAS;22:00 - 22:30;0;0
15119;LA FRECHA;ASTURIAS;22:30 - 23:00;0;0
15120;CAMPOMANES;ASTURIAS;07:00 - 07:30;0;0
15120;CAMPOMANES;ASTURIAS;07:30 - 08:00;0;1
15120;CAMPOMANES;ASTURIAS;08:30 - 09:00;8;0
15120;CAMPOMANES;ASTURIAS;11:00 - 11:30;0;1
15120;CAMPOMANES;ASTURIAS;12:00 - 12:30;1;0
15120;CAMPOMANES;ASTURIAS;13:30 - 14:00;0;2
15120;CAMPOMANES;ASTURIAS;14:00 - 14:30;3;0
15120;CAMPOMANES;ASTURIAS;16:00 - 16:30;0;9
15120;CAMPOMANES;ASTURIAS;17:00 - 17:30;5;0
15120;CAMPOMANES;ASTURIAS;17:30 - 18:00;0;1
15120;CAMPOMANES;ASTURIAS;19:00 - 19:30;0;4
15120;CAMPOMANES;ASTURIAS;19:30 - 20:00;2;0
15120;CAMPOMANES;ASTURIAS;21:00 - 21:30;0;5
15120;CAMPOMANES;ASTURIAS;22:00 - 22:30;0;2
15120;CAMPOMANES;ASTURIAS;22:30 - 23:00;0;0
15121;LA COBERTORIA;ASTURIAS;07:00 - 07:30;0;0
15121;LA COBERTORIA;ASTURIAS;07:30 - 08:00;0;0
15121;LA COBERTORIA;ASTURIAS;08:00 - 08:30;2;0
15121;LA COBERTORIA;ASTURIAS;08:30 - 09:00;0;0
15121;LA COBERTORIA;ASTURIAS;10:30 - 11:00;0;0
15121;LA COBERTORIA;ASTURIAS;11:00 - 11:30;0;0
15121;LA COBERTORIA;ASTURIAS;12:00 - 12:30;0;0
15121;LA COBERTORIA;ASTURIAS;13:30 - 14:00;0;0
15121;LA COBERTORIA;ASTURIAS;14:00 - 14:30;0;2
15121;LA COBERTORIA;ASTURIAS;15:30 - 16:00;0;0
15121;LA COBERTORIA;ASTURIAS;17:00 - 17:30;1;0
15121;LA COBERTORIA;ASTURIAS;17:30 - 18:00;0;0
15121;LA COBERTORIA;ASTURIAS;19:00 - 19:30;0;1
15121;LA COBERTORIA;ASTURIAS;19:30 - 20:00;1;0
15121;LA COBERTORIA;ASTURIAS;21:00 - 21:30;0;1
15121;LA COBERTORIA;ASTURIAS;22:00 - 22:30;0;0
15121;LA COBERTORIA;ASTURIAS;22:30 - 23:00;0;0
15122;POLA DE LENA;ASTURIAS;06:30 - 07:00;13;2
15122;POLA DE LENA;ASTURIAS;07:00 - 07:30;24;2
15122;POLA DE LENA;ASTURIAS;07:30 - 08:00;25;7
15122;POLA DE LENA;ASTURIAS;08:00 - 08:30;50;19
15122;POLA DE LENA;ASTURIAS;08:30 - 09:00;15;6
15122;POLA DE LENA;ASTURIAS;09:00 - 09:30;27;8
15122;POLA DE LENA;ASTURIAS;09:30 - 10:00;15;6
15122;POLA DE LENA;ASTURIAS;10:00 - 10:30;21;4
15122;POLA DE LENA;ASTURIAS;10:30 - 11:00;1;5
15122;POLA DE LENA;ASTURIAS;11:00 - 11:30;20;2
15122;POLA DE LENA;ASTURIAS;11:30 - 12:00;11;7
15122;POLA DE LENA;ASTURIAS;12:00 - 12:30;7;1
15122;POLA DE LENA;ASTURIAS;12:30 - 13:00;0;9
15122;POLA DE LENA;ASTURIAS;13:00 - 13:30;7;10
15122;POLA DE LENA;ASTURIAS;13:30 - 14:00;18;11
15122;POLA DE LENA;ASTURIAS;14:00 - 14:30;16;15
15122;POLA DE LENA;ASTURIAS;14:30 - 15:00;26;20
15122;POLA DE LENA;ASTURIAS;15:00 - 15:30;16;32
15122;POLA DE LENA;ASTURIAS;15:30 - 16:00;8;21
15122;POLA DE LENA;ASTURIAS;16:00 - 16:30;11;15
15122;POLA DE LENA;ASTURIAS;16:30 - 17:00;12;7
15122;POLA DE LENA;ASTURIAS;17:00 - 17:30;9;13
15122;POLA DE LENA;ASTURIAS;17:30 - 18:00;11;13
15122;POLA DE LENA;ASTURIAS;18:00 - 18:30;5;12
15122;POLA DE LENA;ASTURIAS;18:30 - 19:00;4;14
15122;POLA DE LENA;ASTURIAS;19:00 - 19:30;16;24
15122;POLA DE LENA;ASTURIAS;19:30 - 20:00;3;6
15122;POLA DE LENA;ASTURIAS;20:00 - 20:30;6;19
15122;POLA DE LENA;ASTURIAS;20:30 - 21:00;0;15
15122;POLA DE LENA;ASTURIAS;21:00 - 21:30;8;17
15122;POLA DE LENA;ASTURIAS;21:30 - 22:00;0;7
15122;POLA DE LENA;ASTURIAS;22:00 - 22:30;4;15
15122;POLA DE LENA;ASTURIAS;22:30 - 23:00;1;10
15122;POLA DE LENA;ASTURIAS;23:00 - 23:30;0;0
15122;POLA DE LENA;ASTURIAS;23:30 - 00:00;0;8
15123;VILLALLANA;ASTURIAS;06:00 - 06:30;0;0
15123;VILLALLANA;ASTURIAS;06:30 - 07:00;1;0
15123;VILLALLANA;ASTURIAS;07:00 - 07:30;1;0
15123;VILLALLANA;ASTURIAS;07:30 - 08:00;3;0
15123;VILLALLANA;ASTURIAS;08:00 - 08:30;4;3
15123;VILLALLANA;ASTURIAS;08:30 - 09:00;0;0
15123;VILLALLANA;ASTURIAS;09:00 - 09:30;2;1
15123;VILLALLANA;ASTURIAS;09:30 - 10:00;4;0
15123;VILLALLANA;ASTURIAS;10:00 - 10:30;1;0
15123;VILLALLANA;ASTURIAS;10:30 - 11:00;0;1
15123;VILLALLANA;ASTURIAS;11:00 - 11:30;1;0
15123;VILLALLANA;ASTURIAS;11:30 - 12:00;2;2
15123;VILLALLANA;ASTURIAS;12:00 - 12:30;1;0
15123;VILLALLANA;ASTURIAS;12:30 - 13:00;1;1
15123;VILLALLANA;ASTURIAS;13:00 - 13:30;0;0
15123;VILLALLANA;ASTURIAS;13:30 - 14:00;0;0
15123;VILLALLANA;ASTURIAS;14:00 - 14:30;0;1
15123;VILLALLANA;ASTURIAS;14:30 - 15:00;1;1
15123;VILLALLANA;ASTURIAS;15:00 - 15:30;0;2
15123;VILLALLANA;ASTURIAS;15:30 - 16:00;1;3
15123;VILLALLANA;ASTURIAS;16:00 - 16:30;0;0
15123;VILLALLANA;ASTURIAS;16:30 - 17:00;0;1
15123;VILLALLANA;ASTURIAS;17:00 - 17:30;2;1
15123;VILLALLANA;ASTURIAS;17:30 - 18:00;0;1
15123;VILLALLANA;ASTURIAS;18:00 - 18:30;0;1
15123;VILLALLANA;ASTURIAS;18:30 - 19:00;0;1
15123;VILLALLANA;ASTURIAS;19:00 - 19:30;5;0
15123;VILLALLANA;ASTURIAS;19:30 - 20:00;0;3
15123;VILLALLANA;ASTURIAS;20:00 - 20:30;0;2
15123;VILLALLANA;ASTURIAS;20:30 - 21:00;0;0
15123;VILLALLANA;ASTURIAS;21:00 - 21:30;0;3
15123;VILLALLANA;ASTURIAS;21:30 - 22:00;1;3
15123;VILLALLANA;ASTURIAS;22:00 - 22:30;0;0
15123;VILLALLANA;ASTURIAS;22:30 - 23:00;0;4
15123;VILLALLANA;ASTURIAS;23:00 - 23:30;0;0
15123;VILLALLANA;ASTURIAS;23:30 - 00:00;0;3
15200;UJO;ASTURIAS;06:00 - 06:30;0;0
15200;UJO;ASTURIAS;06:30 - 07:00;11;1
15200;UJO;ASTURIAS;07:00 - 07:30;17;1
15200;UJO;ASTURIAS;07:30 - 08:00;8;1
15200;UJO;ASTURIAS;08:00 - 08:30;9;0
15200;UJO;ASTURIAS;08:30 - 09:00;4;5
15200;UJO;ASTURIAS;09:00 - 09:30;7;2
15200;UJO;ASTURIAS;09:30 - 10:00;4;2
15200;UJO;ASTURIAS;10:00 - 10:30;5;0
15200;UJO;ASTURIAS;10:30 - 11:00;1;0
15200;UJO;ASTURIAS;11:00 - 11:30;3;0
15200;UJO;ASTURIAS;11:30 - 12:00;3;3
15200;UJO;ASTURIAS;12:00 - 12:30;2;0
15200;UJO;ASTURIAS;12:30 - 13:00;0;7
15200;UJO;ASTURIAS;13:00 - 13:30;3;5
15200;UJO;ASTURIAS;13:30 - 14:00;3;0
15200;UJO;ASTURIAS;14:00 - 14:30;3;6
15200;UJO;ASTURIAS;14:30 - 15:00;3;4
15200;UJO;ASTURIAS;15:00 - 15:30;9;11
15200;UJO;ASTURIAS;15:30 - 16:00;3;2
15200;UJO;ASTURIAS;16:00 - 16:30;8;11
15200;UJO;ASTURIAS;16:30 - 17:00;1;0
15200;UJO;ASTURIAS;17:00 - 17:30;4;4
15200;UJO;ASTURIAS;17:30 - 18:00;3;0
15200;UJO;ASTURIAS;18:00 - 18:30;2;5
15200;UJO;ASTURIAS;18:30 - 19:00;4;5
15200;UJO;ASTURIAS;19:00 - 19:30;4;9
15200;UJO;ASTURIAS;19:30 - 20:00;3;4
15200;UJO;ASTURIAS;20:00 - 20:30;2;6
15200;UJO;ASTURIAS;20:30 - 21:00;2;4
15200;UJO;ASTURIAS;21:00 - 21:30;2;11
15200;UJO;ASTURIAS;21:30 - 22:00;0;2
15200;UJO;ASTURIAS;22:00 - 22:30;0;2
15200;UJO;ASTURIAS;22:30 - 23:00;1;3
15200;UJO;ASTURIAS;23:00 - 23:30;0;0
15200;UJO;ASTURIAS;23:30 - 00:00;0;0
15202;SANTULLANO;ASTURIAS;06:00 - 06:30;0;0
15202;SANTULLANO;ASTURIAS;06:30 - 07:00;0;0
15202;SANTULLANO;ASTURIAS;07:00 - 07:30;0;0
15202;SANTULLANO;ASTURIAS;07:30 - 08:00;4;0
15202;SANTULLANO;ASTURIAS;08:00 - 08:30;0;0
15202;SANTULLANO;ASTURIAS;08:30 - 09:00;6;0
15202;SANTULLANO;ASTURIAS;09:00 - 09:30;2;6
15202;SANTULLANO;ASTURIAS;09:30 - 10:00;2;0
15202;SANTULLANO;ASTURIAS;10:00 - 10:30;2;0
15202;SANTULLANO;ASTURIAS;11:00 - 11:30;1;1
15202;SANTULLANO;ASTURIAS;11:30 - 12:00;0;0
15202;SANTULLANO;ASTURIAS;12:00 - 12:30;1;0
15202;SANTULLANO;ASTURIAS;12:30 - 13:00;0;2
15202;SANTULLANO;ASTURIAS;13:00 - 13:30;1;2
15202;SANTULLANO;ASTURIAS;13:30 - 14:00;0;0
15202;SANTULLANO;ASTURIAS;14:00 - 14:30;2;2
15202;SANTULLANO;ASTURIAS;14:30 - 15:00;0;1
15202;SANTULLANO;ASTURIAS;15:00 - 15:30;4;4
15202;SANTULLANO;ASTURIAS;15:30 - 16:00;1;0
15202;SANTULLANO;ASTURIAS;16:00 - 16:30;2;3
15202;SANTULLANO;ASTURIAS;16:30 - 17:00;0;1
15202;SANTULLANO;ASTURIAS;17:00 - 17:30;4;3
15202;SANTULLANO;ASTURIAS;17:30 - 18:00;0;2
15202;SANTULLANO;ASTURIAS;18:00 - 18:30;0;1
15202;SANTULLANO;ASTURIAS;18:30 - 19:00;2;0
15202;SANTULLANO;ASTURIAS;19:00 - 19:30;0;3
15202;SANTULLANO;ASTURIAS;19:30 - 20:00;1;4
15202;SANTULLANO;ASTURIAS;20:00 - 20:30;1;0
15202;SANTULLANO;ASTURIAS;20:30 - 21:00;0;1
15202;SANTULLANO;ASTURIAS;21:00 - 21:30;0;0
15202;SANTULLANO;ASTURIAS;21:30 - 22:00;0;1
15202;SANTULLANO;ASTURIAS;22:00 - 22:30;0;1
15202;SANTULLANO;ASTURIAS;22:30 - 23:00;0;1
15202;SANTULLANO;ASTURIAS;23:00 - 23:30;0;1
15202;SANTULLANO;ASTURIAS;23:30 - 00:00;0;0
15203;MIERES-PUENTE;ASTURIAS;06:00 - 06:30;1;4
15203;MIERES-PUENTE;ASTURIAS;06:30 - 07:00;31;13
15203;MIERES-PUENTE;ASTURIAS;07:00 - 07:30;39;15
15203;MIERES-PUENTE;ASTURIAS;07:30 - 08:00;28;12
15203;MIERES-PUENTE;ASTURIAS;08:00 - 08:30;72;33
15203;MIERES-PUENTE;ASTURIAS;08:30 - 09:00;24;5
15203;MIERES-PUENTE;ASTURIAS;09:00 - 09:30;31;23
15203;MIERES-PUENTE;ASTURIAS;09:30 - 10:00;24;29
15203;MIERES-PUENTE;ASTURIAS;10:00 - 10:30;25;12
15203;MIERES-PUENTE;ASTURIAS;11:00 - 11:30;33;24
15203;MIERES-PUENTE;ASTURIAS;11:30 - 12:00;10;3
15203;MIERES-PUENTE;ASTURIAS;12:00 - 12:30;12;25
15203;MIERES-PUENTE;ASTURIAS;12:30 - 13:00;1;24
15203;MIERES-PUENTE;ASTURIAS;13:00 - 13:30;20;19
15203;MIERES-PUENTE;ASTURIAS;13:30 - 14:00;28;30
15203;MIERES-PUENTE;ASTURIAS;14:00 - 14:30;32;39
15203;MIERES-PUENTE;ASTURIAS;14:30 - 15:00;34;3
15203;MIERES-PUENTE;ASTURIAS;15:00 - 15:30;10;88
15203;MIERES-PUENTE;ASTURIAS;15:30 - 16:00;41;33
15203;MIERES-PUENTE;ASTURIAS;16:00 - 16:30;18;36
15203;MIERES-PUENTE;ASTURIAS;16:30 - 17:00;32;16
15203;MIERES-PUENTE;ASTURIAS;17:00 - 17:30;20;19
15203;MIERES-PUENTE;ASTURIAS;17:30 - 18:00;24;33
15203;MIERES-PUENTE;ASTURIAS;18:00 - 18:30;23;25
15203;MIERES-PUENTE;ASTURIAS;18:30 - 19:00;15;35
15203;MIERES-PUENTE;ASTURIAS;19:00 - 19:30;10;27
15203;MIERES-PUENTE;ASTURIAS;19:30 - 20:00;32;43
15203;MIERES-PUENTE;ASTURIAS;20:00 - 20:30;12;36
15203;MIERES-PUENTE;ASTURIAS;20:30 - 21:00;7;2
15203;MIERES-PUENTE;ASTURIAS;21:00 - 21:30;11;64
15203;MIERES-PUENTE;ASTURIAS;21:30 - 22:00;4;29
15203;MIERES-PUENTE;ASTURIAS;22:00 - 22:30;1;0
15203;MIERES-PUENTE;ASTURIAS;22:30 - 23:00;0;26
15203;MIERES-PUENTE;ASTURIAS;23:00 - 23:30;2;9
15203;MIERES-PUENTE;ASTURIAS;23:30 - 00:00;3;0
15205;ABLAÑA;ASTURIAS;06:00 - 06:30;0;0
15205;ABLAÑA;ASTURIAS;06:30 - 07:00;4;0
15205;ABLAÑA;ASTURIAS;07:00 - 07:30;8;2
15205;ABLAÑA;ASTURIAS;07:30 - 08:00;1;0
15205;ABLAÑA;ASTURIAS;08:00 - 08:30;7;1
15205;ABLAÑA;ASTURIAS;08:30 - 09:00;4;0
15205;ABLAÑA;ASTURIAS;09:00 - 09:30;3;1
15205;ABLAÑA;ASTURIAS;09:30 - 10:00;4;0
15205;ABLAÑA;ASTURIAS;10:00 - 10:30;1;3
15205;ABLAÑA;ASTURIAS;11:00 - 11:30;6;4
15205;ABLAÑA;ASTURIAS;11:30 - 12:00;0;0
15205;ABLAÑA;ASTURIAS;12:00 - 12:30;1;3
15205;ABLAÑA;ASTURIAS;12:30 - 13:00;3;1
15205;ABLAÑA;ASTURIAS;13:00 - 13:30;4;1
15205;ABLAÑA;ASTURIAS;13:30 - 14:00;0;0
15205;ABLAÑA;ASTURIAS;14:00 - 14:30;1;4
15205;ABLAÑA;ASTURIAS;14:30 - 15:00;3;2
15205;ABLAÑA;ASTURIAS;15:00 - 15:30;1;5
15205;ABLAÑA;ASTURIAS;15:30 - 16:00;3;3
15205;ABLAÑA;ASTURIAS;16:00 - 16:30;5;1
15205;ABLAÑA;ASTURIAS;16:30 - 17:00;1;0
15205;ABLAÑA;ASTURIAS;17:00 - 17:30;2;3
15205;ABLAÑA;ASTURIAS;17:30 - 18:00;2;0
15205;ABLAÑA;ASTURIAS;18:00 - 18:30;1;2
15205;ABLAÑA;ASTURIAS;18:30 - 19:00;0;0
15205;ABLAÑA;ASTURIAS;19:00 - 19:30;1;3
15205;ABLAÑA;ASTURIAS;19:30 - 20:00;0;2
15205;ABLAÑA;ASTURIAS;20:00 - 20:30;0;4
15205;ABLAÑA;ASTURIAS;20:30 - 21:00;1;1
15205;ABLAÑA;ASTURIAS;21:00 - 21:30;0;10
15205;ABLAÑA;ASTURIAS;21:30 - 22:00;0;1
15205;ABLAÑA;ASTURIAS;22:00 - 22:30;0;0
15205;ABLAÑA;ASTURIAS;23:00 - 23:30;1;2
15205;ABLAÑA;ASTURIAS;23:30 - 00:00;0;0
15206;LA PEREDA-RIOSA;ASTURIAS;00:00 - 00:30;0;0
15206;LA PEREDA-RIOSA;ASTURIAS;06:00 - 06:30;0;0
15206;LA PEREDA-RIOSA;ASTURIAS;06:30 - 07:00;2;0
15206;LA PEREDA-RIOSA;ASTURIAS;07:00 - 07:30;0;0
15206;LA PEREDA-RIOSA;ASTURIAS;07:30 - 08:00;1;0
15206;LA PEREDA-RIOSA;ASTURIAS;08:00 - 08:30;0;2
15206;LA PEREDA-RIOSA;ASTURIAS;08:30 - 09:00;0;2
15206;LA PEREDA-RIOSA;ASTURIAS;09:00 - 09:30;6;2
15206;LA PEREDA-RIOSA;ASTURIAS;09:30 - 10:00;0;0
15206;LA PEREDA-RIOSA;ASTURIAS;10:00 - 10:30;4;2
15206;LA PEREDA-RIOSA;ASTURIAS;11:00 - 11:30;0;2
15206;LA PEREDA-RIOSA;ASTURIAS;11:30 - 12:00;0;0
15206;LA PEREDA-RIOSA;ASTURIAS;12:00 - 12:30;4;0
15206;LA PEREDA-RIOSA;ASTURIAS;12:30 - 13:00;1;0
15206;LA PEREDA-RIOSA;ASTURIAS;13:00 - 13:30;2;3
15206;LA PEREDA-RIOSA;ASTURIAS;13:30 - 14:00;1;3
15206;LA PEREDA-RIOSA;ASTURIAS;14:00 - 14:30;4;3
15206;LA PEREDA-RIOSA;ASTURIAS;14:30 - 15:00;0;2
15206;LA PEREDA-RIOSA;ASTURIAS;15:00 - 15:30;1;0
15206;LA PEREDA-RIOSA;ASTURIAS;15:30 - 16:00;3;1
15206;LA PEREDA-RIOSA;ASTURIAS;16:00 - 16:30;4;1
15206;LA PEREDA-RIOSA;ASTURIAS;16:30 - 17:00;0;0
15206;LA PEREDA-RIOSA;ASTURIAS;17:00 - 17:30;0;1
15206;LA PEREDA-RIOSA;ASTURIAS;17:30 - 18:00;2;0
15206;LA PEREDA-RIOSA;ASTURIAS;18:00 - 18:30;5;2
15206;LA PEREDA-RIOSA;ASTURIAS;18:30 - 19:00;1;0
15206;LA PEREDA-RIOSA;ASTURIAS;19:00 - 19:30;0;0
15206;LA PEREDA-RIOSA;ASTURIAS;19:30 - 20:00;0;0
15206;LA PEREDA-RIOSA;ASTURIAS;20:00 - 20:30;0;2
15206;LA PEREDA-RIOSA;ASTURIAS;20:30 - 21:00;1;0
15206;LA PEREDA-RIOSA;ASTURIAS;21:00 - 21:30;0;0
15206;LA PEREDA-RIOSA;ASTURIAS;21:30 - 22:00;0;0
15206;LA PEREDA-RIOSA;ASTURIAS;22:00 - 22:30;3;0
15206;LA PEREDA-RIOSA;ASTURIAS;23:00 - 23:30;1;0
15207;OLLONIEGO;ASTURIAS;00:00 - 00:30;0;0
15207;OLLONIEGO;ASTURIAS;06:00 - 06:30;0;0
15207;OLLONIEGO;ASTURIAS;06:30 - 07:00;0;0
15207;OLLONIEGO;ASTURIAS;07:00 - 07:30;2;0
15207;OLLONIEGO;ASTURIAS;07:30 - 08:00;1;0
15207;OLLONIEGO;ASTURIAS;08:00 - 08:30;1;0
15207;OLLONIEGO;ASTURIAS;08:30 - 09:00;0;0
15207;OLLONIEGO;ASTURIAS;09:00 - 09:30;0;0
15207;OLLONIEGO;ASTURIAS;09:30 - 10:00;2;0
15207;OLLONIEGO;ASTURIAS;10:00 - 10:30;1;1
15207;OLLONIEGO;ASTURIAS;10:30 - 11:00;2;0
15207;OLLONIEGO;ASTURIAS;11:00 - 11:30;0;0
15207;OLLONIEGO;ASTURIAS;11:30 - 12:00;0;0
15207;OLLONIEGO;ASTURIAS;12:00 - 12:30;1;2
15207;OLLONIEGO;ASTURIAS;12:30 - 13:00;2;0
15207;OLLONIEGO;ASTURIAS;13:00 - 13:30;0;1
15207;OLLONIEGO;ASTURIAS;13:30 - 14:00;1;0
15207;OLLONIEGO;ASTURIAS;14:00 - 14:30;0;0
15207;OLLONIEGO;ASTURIAS;14:30 - 15:00;0;2
15207;OLLONIEGO;ASTURIAS;15:00 - 15:30;1;4
15207;OLLONIEGO;ASTURIAS;15:30 - 16:00;1;1
15207;OLLONIEGO;ASTURIAS;16:00 - 16:30;0;1
15207;OLLONIEGO;ASTURIAS;16:30 - 17:00;1;2
15207;OLLONIEGO;ASTURIAS;17:00 - 17:30;0;0
15207;OLLONIEGO;ASTURIAS;17:30 - 18:00;0;1
15207;OLLONIEGO;ASTURIAS;18:00 - 18:30;0;0
15207;OLLONIEGO;ASTURIAS;18:30 - 19:00;0;0
15207;OLLONIEGO;ASTURIAS;19:00 - 19:30;2;1
15207;OLLONIEGO;ASTURIAS;19:30 - 20:00;0;0
15207;OLLONIEGO;ASTURIAS;20:00 - 20:30;0;0
15207;OLLONIEGO;ASTURIAS;20:30 - 21:00;2;2
15207;OLLONIEGO;ASTURIAS;21:00 - 21:30;0;6
15207;OLLONIEGO;ASTURIAS;21:30 - 22:00;0;0
15207;OLLONIEGO;ASTURIAS;22:00 - 22:30;0;0
15207;OLLONIEGO;ASTURIAS;22:30 - 23:00;0;1
15207;OLLONIEGO;ASTURIAS;23:00 - 23:30;0;1
15208;SOTO DE REY;ASTURIAS;00:00 - 00:30;0;0
15208;SOTO DE REY;ASTURIAS;05:30 - 06:00;0;0
15208;SOTO DE REY;ASTURIAS;06:00 - 06:30;0;0
15208;SOTO DE REY;ASTURIAS;06:30 - 07:00;0;0
15208;SOTO DE REY;ASTURIAS;07:00 - 07:30;0;1
15208;SOTO DE REY;ASTURIAS;07:30 - 08:00;4;3
15208;SOTO DE REY;ASTURIAS;08:00 - 08:30;4;0
15208;SOTO DE REY;ASTURIAS;08:30 - 09:00;11;3
15208;SOTO DE REY;ASTURIAS;09:00 - 09:30;5;1
15208;SOTO DE REY;ASTURIAS;09:30 - 10:00;1;2
15208;SOTO DE REY;ASTURIAS;10:00 - 10:30;3;1
15208;SOTO DE REY;ASTURIAS;10:30 - 11:00;0;1
15208;SOTO DE REY;ASTURIAS;11:00 - 11:30;0;0
15208;SOTO DE REY;ASTURIAS;11:30 - 12:00;0;0
15208;SOTO DE REY;ASTURIAS;12:00 - 12:30;1;0
15208;SOTO DE REY;ASTURIAS;12:30 - 13:00;1;5
15208;SOTO DE REY;ASTURIAS;13:00 - 13:30;1;0
15208;SOTO DE REY;ASTURIAS;13:30 - 14:00;2;4
15208;SOTO DE REY;ASTURIAS;14:00 - 14:30;3;5
15208;SOTO DE REY;ASTURIAS;14:30 - 15:00;4;5
15208;SOTO DE REY;ASTURIAS;15:00 - 15:30;2;0
15208;SOTO DE REY;ASTURIAS;15:30 - 16:00;2;1
15208;SOTO DE REY;ASTURIAS;16:00 - 16:30;4;1
15208;SOTO DE REY;ASTURIAS;16:30 - 17:00;2;3
15208;SOTO DE REY;ASTURIAS;17:00 - 17:30;6;1
15208;SOTO DE REY;ASTURIAS;17:30 - 18:00;2;1
15208;SOTO DE REY;ASTURIAS;18:00 - 18:30;1;1
15208;SOTO DE REY;ASTURIAS;18:30 - 19:00;0;0
15208;SOTO DE REY;ASTURIAS;19:00 - 19:30;0;1
15208;SOTO DE REY;ASTURIAS;19:30 - 20:00;0;1
15208;SOTO DE REY;ASTURIAS;20:00 - 20:30;0;3
15208;SOTO DE REY;ASTURIAS;20:30 - 21:00;1;3
15208;SOTO DE REY;ASTURIAS;21:00 - 21:30;1;6
15208;SOTO DE REY;ASTURIAS;21:30 - 22:00;1;0
15208;SOTO DE REY;ASTURIAS;22:00 - 22:30;0;1
15208;SOTO DE REY;ASTURIAS;22:30 - 23:00;0;1
15208;SOTO DE REY;ASTURIAS;23:00 - 23:30;0;0
15208;SOTO DE REY;ASTURIAS;23:30 - 00:00;0;0
15209;LAS SEGADAS;ASTURIAS;00:00 - 00:30;0;0
15209;LAS SEGADAS;ASTURIAS;05:30 - 06:00;0;0
15209;LAS SEGADAS;ASTURIAS;06:00 - 06:30;0;0
15209;LAS SEGADAS;ASTURIAS;06:30 - 07:00;1;1
15209;LAS SEGADAS;ASTURIAS;07:00 - 07:30;3;2
15209;LAS SEGADAS;ASTURIAS;07:30 - 08:00;7;2
15209;LAS SEGADAS;ASTURIAS;08:00 - 08:30;14;3
15209;LAS SEGADAS;ASTURIAS;08:30 - 09:00;11;2
15209;LAS SEGADAS;ASTURIAS;09:00 - 09:30;15;5
15209;LAS SEGADAS;ASTURIAS;09:30 - 10:00;3;1
15209;LAS SEGADAS;ASTURIAS;10:00 - 10:30;13;2
15209;LAS SEGADAS;ASTURIAS;10:30 - 11:00;5;1
15209;LAS SEGADAS;ASTURIAS;11:00 - 11:30;2;5
15209;LAS SEGADAS;ASTURIAS;11:30 - 12:00;3;0
15209;LAS SEGADAS;ASTURIAS;12:00 - 12:30;2;11
15209;LAS SEGADAS;ASTURIAS;12:30 - 13:00;8;8
15209;LAS SEGADAS;ASTURIAS;13:00 - 13:30;7;3
15209;LAS SEGADAS;ASTURIAS;13:30 - 14:00;1;7
15209;LAS SEGADAS;ASTURIAS;14:00 - 14:30;4;9
15209;LAS SEGADAS;ASTURIAS;14:30 - 15:00;5;9
15209;LAS SEGADAS;ASTURIAS;15:00 - 15:30;4;14
15209;LAS SEGADAS;ASTURIAS;15:30 - 16:00;3;8
15209;LAS SEGADAS;ASTURIAS;16:00 - 16:30;11;8
15209;LAS SEGADAS;ASTURIAS;16:30 - 17:00;0;5
15209;LAS SEGADAS;ASTURIAS;17:00 - 17:30;2;2
15209;LAS SEGADAS;ASTURIAS;17:30 - 18:00;8;4
15209;LAS SEGADAS;ASTURIAS;18:00 - 18:30;6;7
15209;LAS SEGADAS;ASTURIAS;18:30 - 19:00;1;6
15209;LAS SEGADAS;ASTURIAS;19:00 - 19:30;8;5
15209;LAS SEGADAS;ASTURIAS;19:30 - 20:00;2;1
15209;LAS SEGADAS;ASTURIAS;20:00 - 20:30;3;5
15209;LAS SEGADAS;ASTURIAS;20:30 - 21:00;1;7
15209;LAS SEGADAS;ASTURIAS;21:00 - 21:30;0;8
15209;LAS SEGADAS;ASTURIAS;21:30 - 22:00;1;2
15209;LAS SEGADAS;ASTURIAS;22:00 - 22:30;0;5
15209;LAS SEGADAS;ASTURIAS;22:30 - 23:00;1;2
15209;LAS SEGADAS;ASTURIAS;23:00 - 23:30;1;2
15209;LAS SEGADAS;ASTURIAS;23:30 - 00:00;0;0
15210;EL CALEYO;ASTURIAS;00:00 - 00:30;0;0
15210;EL CALEYO;ASTURIAS;05:30 - 06:00;0;0
15210;EL CALEYO;ASTURIAS;06:00 - 06:30;0;0
15210;EL CALEYO;ASTURIAS;06:30 - 07:00;0;0
15210;EL CALEYO;ASTURIAS;07:00 - 07:30;0;2
15210;EL CALEYO;ASTURIAS;07:30 - 08:00;1;0
15210;EL CALEYO;ASTURIAS;08:00 - 08:30;0;1
15210;EL CALEYO;ASTURIAS;08:30 - 09:00;2;2
15210;EL CALEYO;ASTURIAS;09:00 - 09:30;2;2
15210;EL CALEYO;ASTURIAS;09:30 - 10:00;0;1
15210;EL CALEYO;ASTURIAS;10:00 - 10:30;1;0
15210;EL CALEYO;ASTURIAS;10:30 - 11:00;0;0
15210;EL CALEYO;ASTURIAS;11:00 - 11:30;0;0
15210;EL CALEYO;ASTURIAS;11:30 - 12:00;0;0
15210;EL CALEYO;ASTURIAS;12:00 - 12:30;0;0
15210;EL CALEYO;ASTURIAS;12:30 - 13:00;0;1
15210;EL CALEYO;ASTURIAS;13:00 - 13:30;2;0
15210;EL CALEYO;ASTURIAS;13:30 - 14:00;0;0
15210;EL CALEYO;ASTURIAS;14:00 - 14:30;1;1
15210;EL CALEYO;ASTURIAS;14:30 - 15:00;2;1
15210;EL CALEYO;ASTURIAS;15:00 - 15:30;1;2
15210;EL CALEYO;ASTURIAS;15:30 - 16:00;1;1
15210;EL CALEYO;ASTURIAS;16:00 - 16:30;1;0
15210;EL CALEYO;ASTURIAS;16:30 - 17:00;0;0
15210;EL CALEYO;ASTURIAS;17:00 - 17:30;0;0
15210;EL CALEYO;ASTURIAS;17:30 - 18:00;0;0
15210;EL CALEYO;ASTURIAS;18:00 - 18:30;1;0
15210;EL CALEYO;ASTURIAS;18:30 - 19:00;2;0
15210;EL CALEYO;ASTURIAS;19:00 - 19:30;1;2
15210;EL CALEYO;ASTURIAS;19:30 - 20:00;0;0
15210;EL CALEYO;ASTURIAS;20:00 - 20:30;0;0
15210;EL CALEYO;ASTURIAS;20:30 - 21:00;0;1
15210;EL CALEYO;ASTURIAS;21:00 - 21:30;0;0
15210;EL CALEYO;ASTURIAS;21:30 - 22:00;0;1
15210;EL CALEYO;ASTURIAS;22:00 - 22:30;0;1
15210;EL CALEYO;ASTURIAS;22:30 - 23:00;0;0
15210;EL CALEYO;ASTURIAS;23:00 - 23:30;0;0
15210;EL CALEYO;ASTURIAS;23:30 - 00:00;0;0
15211;OVIEDO;ASTURIAS;00:00 - 00:30;0;7
15211;OVIEDO;ASTURIAS;05:00 - 05:30;8;0
15211;OVIEDO;ASTURIAS;05:30 - 06:00;20;0
15211;OVIEDO;ASTURIAS;06:00 - 06:30;11;0
15211;OVIEDO;ASTURIAS;06:30 - 07:00;14;21
15211;OVIEDO;ASTURIAS;07:00 - 07:30;93;213
15211;OVIEDO;ASTURIAS;07:30 - 08:00;68;258
15211;OVIEDO;ASTURIAS;08:00 - 08:30;121;300
15211;OVIEDO;ASTURIAS;08:30 - 09:00;45;411
15211;OVIEDO;ASTURIAS;09:00 - 09:30;66;212
15211;OVIEDO;ASTURIAS;09:30 - 10:00;38;279
15211;OVIEDO;ASTURIAS;10:00 - 10:30;54;175
15211;OVIEDO;ASTURIAS;10:30 - 11:00;31;70
15211;OVIEDO;ASTURIAS;11:00 - 11:30;53;101
15211;OVIEDO;ASTURIAS;11:30 - 12:00;42;68
15211;OVIEDO;ASTURIAS;12:00 - 12:30;105;91
15211;OVIEDO;ASTURIAS;12:30 - 13:00;142;59
15211;OVIEDO;ASTURIAS;13:00 - 13:30;186;98
15211;OVIEDO;ASTURIAS;13:30 - 14:00;147;82
15211;OVIEDO;ASTURIAS;14:00 - 14:30;298;138
15211;OVIEDO;ASTURIAS;14:30 - 15:00;273;135
15211;OVIEDO;ASTURIAS;15:00 - 15:30;394;231
15211;OVIEDO;ASTURIAS;15:30 - 16:00;88;119
15211;OVIEDO;ASTURIAS;16:00 - 16:30;163;171
15211;OVIEDO;ASTURIAS;16:30 - 17:00;61;125
15211;OVIEDO;ASTURIAS;17:00 - 17:30;174;96
15211;OVIEDO;ASTURIAS;17:30 - 18:00;92;99
15211;OVIEDO;ASTURIAS;18:00 - 18:30;170;71
15211;OVIEDO;ASTURIAS;18:30 - 19:00;127;101
15211;OVIEDO;ASTURIAS;19:00 - 19:30;236;89
15211;OVIEDO;ASTURIAS;19:30 - 20:00;96;60
15211;OVIEDO;ASTURIAS;20:00 - 20:30;247;41
15211;OVIEDO;ASTURIAS;20:30 - 21:00;213;60
15211;OVIEDO;ASTURIAS;21:00 - 21:30;174;42
15211;OVIEDO;ASTURIAS;21:30 - 22:00;70;29
15211;OVIEDO;ASTURIAS;22:00 - 22:30;81;19
15211;OVIEDO;ASTURIAS;22:30 - 23:00;44;19
15211;OVIEDO;ASTURIAS;23:00 - 23:30;16;23
15211;OVIEDO;ASTURIAS;23:30 - 00:00;0;15
15212;LUGONES;ASTURIAS;05:00 - 05:30;1;2
15212;LUGONES;ASTURIAS;05:30 - 06:00;3;0
15212;LUGONES;ASTURIAS;06:00 - 06:30;11;2
15212;LUGONES;ASTURIAS;06:30 - 07:00;38;2
15212;LUGONES;ASTURIAS;07:00 - 07:30;64;32
15212;LUGONES;ASTURIAS;07:30 - 08:00;170;39
15212;LUGONES;ASTURIAS;08:00 - 08:30;146;25
15212;LUGONES;ASTURIAS;08:30 - 09:00;62;20
15212;LUGONES;ASTURIAS;09:00 - 09:30;124;24
15212;LUGONES;ASTURIAS;09:30 - 10:00;63;19
15212;LUGONES;ASTURIAS;10:00 - 10:30;46;23
15212;LUGONES;ASTURIAS;10:30 - 11:00;32;15
15212;LUGONES;ASTURIAS;11:00 - 11:30;37;19
15212;LUGONES;ASTURIAS;11:30 - 12:00;41;41
15212;LUGONES;ASTURIAS;12:00 - 12:30;21;32
15212;LUGONES;ASTURIAS;12:30 - 13:00;33;46
15212;LUGONES;ASTURIAS;13:00 - 13:30;27;51
15212;LUGONES;ASTURIAS;13:30 - 14:00;46;94
15212;LUGONES;ASTURIAS;14:00 - 14:30;81;88
15212;LUGONES;ASTURIAS;14:30 - 15:00;52;178
15212;LUGONES;ASTURIAS;15:00 - 15:30;65;94
15212;LUGONES;ASTURIAS;15:30 - 16:00;73;49
15212;LUGONES;ASTURIAS;16:00 - 16:30;66;63
15212;LUGONES;ASTURIAS;16:30 - 17:00;48;35
15212;LUGONES;ASTURIAS;17:00 - 17:30;43;41
15212;LUGONES;ASTURIAS;17:30 - 18:00;34;61
15212;LUGONES;ASTURIAS;18:00 - 18:30;7;27
15212;LUGONES;ASTURIAS;18:30 - 19:00;57;78
15212;LUGONES;ASTURIAS;19:00 - 19:30;35;87
15212;LUGONES;ASTURIAS;19:30 - 20:00;14;54
15212;LUGONES;ASTURIAS;20:00 - 20:30;35;86
15212;LUGONES;ASTURIAS;20:30 - 21:00;30;88
15212;LUGONES;ASTURIAS;21:00 - 21:30;11;48
15212;LUGONES;ASTURIAS;21:30 - 22:00;29;43
15212;LUGONES;ASTURIAS;22:00 - 22:30;7;25
15212;LUGONES;ASTURIAS;22:30 - 23:00;19;25
15212;LUGONES;ASTURIAS;23:30 - 00:00;3;6
15217;LA CORREDORIA;ASTURIAS;00:00 - 00:30;1;1
15217;LA CORREDORIA;ASTURIAS;05:00 - 05:30;0;1
15217;LA CORREDORIA;ASTURIAS;05:30 - 06:00;4;1
15217;LA CORREDORIA;ASTURIAS;06:00 - 06:30;15;2
15217;LA CORREDORIA;ASTURIAS;06:30 - 07:00;8;2
15217;LA CORREDORIA;ASTURIAS;07:00 - 07:30;118;22
15217;LA CORREDORIA;ASTURIAS;07:30 - 08:00;61;40
15217;LA CORREDORIA;ASTURIAS;08:00 - 08:30;132;43
15217;LA CORREDORIA;ASTURIAS;08:30 - 09:00;115;29
15217;LA CORREDORIA;ASTURIAS;09:00 - 09:30;96;26
15217;LA CORREDORIA;ASTURIAS;09:30 - 10:00;34;10
15217;LA CORREDORIA;ASTURIAS;10:00 - 10:30;54;15
15217;LA CORREDORIA;ASTURIAS;10:30 - 11:00;9;12
15217;LA CORREDORIA;ASTURIAS;11:00 - 11:30;25;4
15217;LA CORREDORIA;ASTURIAS;11:30 - 12:00;18;28
15217;LA CORREDORIA;ASTURIAS;12:00 - 12:30;33;21
15217;LA CORREDORIA;ASTURIAS;12:30 - 13:00;16;28
15217;LA CORREDORIA;ASTURIAS;13:00 - 13:30;7;27
15217;LA CORREDORIA;ASTURIAS;13:30 - 14:00;40;61
15217;LA CORREDORIA;ASTURIAS;14:00 - 14:30;87;82
15217;LA CORREDORIA;ASTURIAS;14:30 - 15:00;28;91
15217;LA CORREDORIA;ASTURIAS;15:00 - 15:30;50;104
15217;LA CORREDORIA;ASTURIAS;15:30 - 16:00;72;46
15217;LA CORREDORIA;ASTURIAS;16:00 - 16:30;45;42
15217;LA CORREDORIA;ASTURIAS;16:30 - 17:00;26;23
15217;LA CORREDORIA;ASTURIAS;17:00 - 17:30;37;33
15217;LA CORREDORIA;ASTURIAS;17:30 - 18:00;19;36
15217;LA CORREDORIA;ASTURIAS;18:00 - 18:30;13;40
15217;LA CORREDORIA;ASTURIAS;18:30 - 19:00;32;43
15217;LA CORREDORIA;ASTURIAS;19:00 - 19:30;21;53
15217;LA CORREDORIA;ASTURIAS;19:30 - 20:00;38;35
15217;LA CORREDORIA;ASTURIAS;20:00 - 20:30;16;72
15217;LA CORREDORIA;ASTURIAS;20:30 - 21:00;18;69
15217;LA CORREDORIA;ASTURIAS;21:00 - 21:30;16;16
15217;LA CORREDORIA;ASTURIAS;21:30 - 22:00;8;16
15217;LA CORREDORIA;ASTURIAS;22:00 - 22:30;14;20
15217;LA CORREDORIA;ASTURIAS;22:30 - 23:00;2;9
15217;LA CORREDORIA;ASTURIAS;23:00 - 23:30;3;2
15217;LA CORREDORIA;ASTURIAS;23:30 - 00:00;1;0
15218;LLAMAQUIQUE;ASTURIAS;00:00 - 00:30;0;3
15218;LLAMAQUIQUE;ASTURIAS;05:00 - 05:30;1;0
15218;LLAMAQUIQUE;ASTURIAS;05:30 - 06:00;3;2
15218;LLAMAQUIQUE;ASTURIAS;06:00 - 06:30;2;0
15218;LLAMAQUIQUE;ASTURIAS;06:30 - 07:00;9;19
15218;LLAMAQUIQUE;ASTURIAS;07:00 - 07:30;43;217
15218;LLAMAQUIQUE;ASTURIAS;07:30 - 08:00;34;217
15218;LLAMAQUIQUE;ASTURIAS;08:00 - 08:30;51;210
15218;LLAMAQUIQUE;ASTURIAS;08:30 - 09:00;36;557
15218;LLAMAQUIQUE;ASTURIAS;09:00 - 09:30;29;98
15218;LLAMAQUIQUE;ASTURIAS;09:30 - 10:00;29;207
15218;LLAMAQUIQUE;ASTURIAS;10:00 - 10:30;24;116
15218;LLAMAQUIQUE;ASTURIAS;10:30 - 11:00;21;68
15218;LLAMAQUIQUE;ASTURIAS;11:00 - 11:30;29;75
15218;LLAMAQUIQUE;ASTURIAS;11:30 - 12:00;12;47
15218;LLAMAQUIQUE;ASTURIAS;12:00 - 12:30;68;34
15218;LLAMAQUIQUE;ASTURIAS;12:30 - 13:00;75;55
15218;LLAMAQUIQUE;ASTURIAS;13:00 - 13:30;145;25
15218;LLAMAQUIQUE;ASTURIAS;13:30 - 14:00;125;63
15218;LLAMAQUIQUE;ASTURIAS;14:00 - 14:30;294;156
15218;LLAMAQUIQUE;ASTURIAS;14:30 - 15:00;174;82
15218;LLAMAQUIQUE;ASTURIAS;15:00 - 15:30;310;80
15218;LLAMAQUIQUE;ASTURIAS;15:30 - 16:00;84;111
15218;LLAMAQUIQUE;ASTURIAS;16:00 - 16:30;70;73
15218;LLAMAQUIQUE;ASTURIAS;16:30 - 17:00;27;48
15218;LLAMAQUIQUE;ASTURIAS;17:00 - 17:30;90;32
15218;LLAMAQUIQUE;ASTURIAS;17:30 - 18:00;70;57
15218;LLAMAQUIQUE;ASTURIAS;18:00 - 18:30;118;36
15218;LLAMAQUIQUE;ASTURIAS;18:30 - 19:00;94;20
15218;LLAMAQUIQUE;ASTURIAS;19:00 - 19:30;104;38
15218;LLAMAQUIQUE;ASTURIAS;19:30 - 20:00;83;23
15218;LLAMAQUIQUE;ASTURIAS;20:00 - 20:30;169;32
15218;LLAMAQUIQUE;ASTURIAS;20:30 - 21:00;59;21
15218;LLAMAQUIQUE;ASTURIAS;21:00 - 21:30;74;21
15218;LLAMAQUIQUE;ASTURIAS;21:30 - 22:00;33;20
15218;LLAMAQUIQUE;ASTURIAS;22:00 - 22:30;60;15
15218;LLAMAQUIQUE;ASTURIAS;22:30 - 23:00;12;5
15218;LLAMAQUIQUE;ASTURIAS;23:00 - 23:30;1;9
15218;LLAMAQUIQUE;ASTURIAS;23:30 - 00:00;0;1
15300;LUGO DE LLANERA;ASTURIAS;05:30 - 06:00;2;1
15300;LUGO DE LLANERA;ASTURIAS;06:00 - 06:30;8;3
15300;LUGO DE LLANERA;ASTURIAS;06:30 - 07:00;21;9
15300;LUGO DE LLANERA;ASTURIAS;07:00 - 07:30;45;21
15300;LUGO DE LLANERA;ASTURIAS;07:30 - 08:00;92;25
15300;LUGO DE LLANERA;ASTURIAS;08:00 - 08:30;83;25
15300;LUGO DE LLANERA;ASTURIAS;08:30 - 09:00;44;12
15300;LUGO DE LLANERA;ASTURIAS;09:00 - 09:30;49;29
15300;LUGO DE LLANERA;ASTURIAS;09:30 - 10:00;36;11
15300;LUGO DE LLANERA;ASTURIAS;10:00 - 10:30;24;7
15300;LUGO DE LLANERA;ASTURIAS;10:30 - 11:00;24;6
15300;LUGO DE LLANERA;ASTURIAS;11:00 - 11:30;19;12
15300;LUGO DE LLANERA;ASTURIAS;11:30 - 12:00;15;12
15300;LUGO DE LLANERA;ASTURIAS;12:00 - 12:30;13;13
15300;LUGO DE LLANERA;ASTURIAS;12:30 - 13:00;8;18
15300;LUGO DE LLANERA;ASTURIAS;13:00 - 13:30;10;41
15300;LUGO DE LLANERA;ASTURIAS;13:30 - 14:00;21;46
15300;LUGO DE LLANERA;ASTURIAS;14:00 - 14:30;26;63
15300;LUGO DE LLANERA;ASTURIAS;14:30 - 15:00;22;37
15300;LUGO DE LLANERA;ASTURIAS;15:00 - 15:30;35;98
15300;LUGO DE LLANERA;ASTURIAS;15:30 - 16:00;40;18
15300;LUGO DE LLANERA;ASTURIAS;16:00 - 16:30;26;27
15300;LUGO DE LLANERA;ASTURIAS;16:30 - 17:00;16;22
15300;LUGO DE LLANERA;ASTURIAS;17:00 - 17:30;32;36
15300;LUGO DE LLANERA;ASTURIAS;17:30 - 18:00;23;13
15300;LUGO DE LLANERA;ASTURIAS;18:00 - 18:30;34;24
15300;LUGO DE LLANERA;ASTURIAS;18:30 - 19:00;21;17
15300;LUGO DE LLANERA;ASTURIAS;19:00 - 19:30;27;44
15300;LUGO DE LLANERA;ASTURIAS;19:30 - 20:00;11;30
15300;LUGO DE LLANERA;ASTURIAS;20:00 - 20:30;8;39
15300;LUGO DE LLANERA;ASTURIAS;20:30 - 21:00;3;33
15300;LUGO DE LLANERA;ASTURIAS;21:00 - 21:30;5;25
15300;LUGO DE LLANERA;ASTURIAS;21:30 - 22:00;6;25
15300;LUGO DE LLANERA;ASTURIAS;22:00 - 22:30;2;16
15300;LUGO DE LLANERA;ASTURIAS;22:30 - 23:00;6;9
15300;LUGO DE LLANERA;ASTURIAS;23:00 - 23:30;1;4
15300;LUGO DE LLANERA;ASTURIAS;23:30 - 00:00;1;3
15301;VILLABONA DE ASTURIAS;ASTURIAS;05:30 - 06:00;0;0
15301;VILLABONA DE ASTURIAS;ASTURIAS;06:00 - 06:30;0;0
15301;VILLABONA DE ASTURIAS;ASTURIAS;06:30 - 07:00;2;0
15301;VILLABONA DE ASTURIAS;ASTURIAS;07:00 - 07:30;3;0
15301;VILLABONA DE ASTURIAS;ASTURIAS;07:30 - 08:00;5;0
15301;VILLABONA DE ASTURIAS;ASTURIAS;08:00 - 08:30;7;0
15301;VILLABONA DE ASTURIAS;ASTURIAS;08:30 - 09:00;4;0
15301;VILLABONA DE ASTURIAS;ASTURIAS;09:00 - 09:30;3;1
15301;VILLABONA DE ASTURIAS;ASTURIAS;09:30 - 10:00;3;1
15301;VILLABONA DE ASTURIAS;ASTURIAS;10:00 - 10:30;1;0
15301;VILLABONA DE ASTURIAS;ASTURIAS;10:30 - 11:00;1;0
15301;VILLABONA DE ASTURIAS;ASTURIAS;11:00 - 11:30;3;4
15301;VILLABONA DE ASTURIAS;ASTURIAS;11:30 - 12:00;1;3
15301;VILLABONA DE ASTURIAS;ASTURIAS;12:00 - 12:30;4;2
15301;VILLABONA DE ASTURIAS;ASTURIAS;12:30 - 13:00;2;1
15301;VILLABONA DE ASTURIAS;ASTURIAS;13:00 - 13:30;0;4
15301;VILLABONA DE ASTURIAS;ASTURIAS;13:30 - 14:00;3;5
15301;VILLABONA DE ASTURIAS;ASTURIAS;14:00 - 14:30;4;5
15301;VILLABONA DE ASTURIAS;ASTURIAS;14:30 - 15:00;2;4
15301;VILLABONA DE ASTURIAS;ASTURIAS;15:00 - 15:30;5;6
15301;VILLABONA DE ASTURIAS;ASTURIAS;15:30 - 16:00;2;0
15301;VILLABONA DE ASTURIAS;ASTURIAS;16:00 - 16:30;4;0
15301;VILLABONA DE ASTURIAS;ASTURIAS;16:30 - 17:00;2;0
15301;VILLABONA DE ASTURIAS;ASTURIAS;17:00 - 17:30;2;2
15301;VILLABONA DE ASTURIAS;ASTURIAS;17:30 - 18:00;4;2
15301;VILLABONA DE ASTURIAS;ASTURIAS;18:00 - 18:30;5;2
15301;VILLABONA DE ASTURIAS;ASTURIAS;18:30 - 19:00;5;2
15301;VILLABONA DE ASTURIAS;ASTURIAS;19:00 - 19:30;1;2
15301;VILLABONA DE ASTURIAS;ASTURIAS;19:30 - 20:00;2;1
15301;VILLABONA DE ASTURIAS;ASTURIAS;20:00 - 20:30;2;2
15301;VILLABONA DE ASTURIAS;ASTURIAS;20:30 - 21:00;1;1
15301;VILLABONA DE ASTURIAS;ASTURIAS;21:00 - 21:30;2;4
15301;VILLABONA DE ASTURIAS;ASTURIAS;21:30 - 22:00;0;6
15301;VILLABONA DE ASTURIAS;ASTURIAS;22:00 - 22:30;1;2
15301;VILLABONA DE ASTURIAS;ASTURIAS;22:30 - 23:00;0;2
15301;VILLABONA DE ASTURIAS;ASTURIAS;23:00 - 23:30;1;3
15301;VILLABONA DE ASTURIAS;ASTURIAS;23:30 - 00:00;0;1
15302;SERIN;ASTURIAS;05:30 - 06:00;0;0
15302;SERIN;ASTURIAS;06:00 - 06:30;0;0
15302;SERIN;ASTURIAS;06:30 - 07:00;0;0
15302;SERIN;ASTURIAS;07:00 - 07:30;1;0
15302;SERIN;ASTURIAS;07:30 - 08:00;3;2
15302;SERIN;ASTURIAS;08:00 - 08:30;4;0
15302;SERIN;ASTURIAS;08:30 - 09:00;5;0
15302;SERIN;ASTURIAS;09:00 - 09:30;1;2
15302;SERIN;ASTURIAS;09:30 - 10:00;1;0
15302;SERIN;ASTURIAS;10:00 - 10:30;1;1
15302;SERIN;ASTURIAS;10:30 - 11:00;5;0
15302;SERIN;ASTURIAS;11:00 - 11:30;3;4
15302;SERIN;ASTURIAS;11:30 - 12:00;1;2
15302;SERIN;ASTURIAS;12:00 - 12:30;3;1
15302;SERIN;ASTURIAS;12:30 - 13:00;1;5
15302;SERIN;ASTURIAS;13:00 - 13:30;1;0
15302;SERIN;ASTURIAS;13:30 - 14:00;0;3
15302;SERIN;ASTURIAS;14:00 - 14:30;0;2
15302;SERIN;ASTURIAS;14:30 - 15:00;0;3
15302;SERIN;ASTURIAS;15:00 - 15:30;3;7
15302;SERIN;ASTURIAS;15:30 - 16:00;1;1
15302;SERIN;ASTURIAS;16:00 - 16:30;0;3
15302;SERIN;ASTURIAS;16:30 - 17:00;0;2
15302;SERIN;ASTURIAS;17:00 - 17:30;1;4
15302;SERIN;ASTURIAS;17:30 - 18:00;1;1
15302;SERIN;ASTURIAS;18:00 - 18:30;2;2
15302;SERIN;ASTURIAS;18:30 - 19:00;4;1
15302;SERIN;ASTURIAS;19:00 - 19:30;2;0
15302;SERIN;ASTURIAS;19:30 - 20:00;1;1
15302;SERIN;ASTURIAS;20:00 - 20:30;0;2
15302;SERIN;ASTURIAS;20:30 - 21:00;0;4
15302;SERIN;ASTURIAS;21:00 - 21:30;1;3
15302;SERIN;ASTURIAS;21:30 - 22:00;0;2
15302;SERIN;ASTURIAS;22:00 - 22:30;0;0
15302;SERIN;ASTURIAS;22:30 - 23:00;0;1
15302;SERIN;ASTURIAS;23:00 - 23:30;0;0
15302;SERIN;ASTURIAS;23:30 - 00:00;0;1
15303;MONTEANA;ASTURIAS;05:30 - 06:00;1;0
15303;MONTEANA;ASTURIAS;06:00 - 06:30;2;0
15303;MONTEANA;ASTURIAS;06:30 - 07:00;2;0
15303;MONTEANA;ASTURIAS;07:00 - 07:30;3;0
15303;MONTEANA;ASTURIAS;07:30 - 08:00;4;0
15303;MONTEANA;ASTURIAS;08:00 - 08:30;4;2
15303;MONTEANA;ASTURIAS;08:30 - 09:00;2;0
15303;MONTEANA;ASTURIAS;09:00 - 09:30;2;0
15303;MONTEANA;ASTURIAS;09:30 - 10:00;3;0
15303;MONTEANA;ASTURIAS;10:00 - 10:30;3;1
15303;MONTEANA;ASTURIAS;10:30 - 11:00;2;0
15303;MONTEANA;ASTURIAS;11:00 - 11:30;5;0
15303;MONTEANA;ASTURIAS;11:30 - 12:00;0;0
15303;MONTEANA;ASTURIAS;12:00 - 12:30;0;1
15303;MONTEANA;ASTURIAS;12:30 - 13:00;2;3
15303;MONTEANA;ASTURIAS;13:00 - 13:30;1;2
15303;MONTEANA;ASTURIAS;13:30 - 14:00;0;1
15303;MONTEANA;ASTURIAS;14:00 - 14:30;2;3
15303;MONTEANA;ASTURIAS;14:30 - 15:00;0;5
15303;MONTEANA;ASTURIAS;15:00 - 15:30;2;2
15303;MONTEANA;ASTURIAS;15:30 - 16:00;0;5
15303;MONTEANA;ASTURIAS;16:00 - 16:30;2;3
15303;MONTEANA;ASTURIAS;16:30 - 17:00;3;0
15303;MONTEANA;ASTURIAS;17:00 - 17:30;1;1
15303;MONTEANA;ASTURIAS;17:30 - 18:00;3;1
15303;MONTEANA;ASTURIAS;18:00 - 18:30;0;0
15303;MONTEANA;ASTURIAS;18:30 - 19:00;3;2
15303;MONTEANA;ASTURIAS;19:00 - 19:30;1;5
15303;MONTEANA;ASTURIAS;19:30 - 20:00;2;1
15303;MONTEANA;ASTURIAS;20:00 - 20:30;3;2
15303;MONTEANA;ASTURIAS;20:30 - 21:00;0;3
15303;MONTEANA;ASTURIAS;21:00 - 21:30;0;2
15303;MONTEANA;ASTURIAS;21:30 - 22:00;0;6
15303;MONTEANA;ASTURIAS;22:00 - 22:30;0;0
15303;MONTEANA;ASTURIAS;22:30 - 23:00;0;1
15303;MONTEANA;ASTURIAS;23:00 - 23:30;0;0
15303;MONTEANA;ASTURIAS;23:30 - 00:00;0;1
15305;VILLABONA TABLADIELLO;ASTURIAS;05:30 - 06:00;0;0
15305;VILLABONA TABLADIELLO;ASTURIAS;06:00 - 06:30;0;0
15305;VILLABONA TABLADIELLO;ASTURIAS;06:30 - 07:00;3;0
15305;VILLABONA TABLADIELLO;ASTURIAS;07:00 - 07:30;0;0
15305;VILLABONA TABLADIELLO;ASTURIAS;07:30 - 08:00;1;0
15305;VILLABONA TABLADIELLO;ASTURIAS;08:00 - 08:30;0;1
15305;VILLABONA TABLADIELLO;ASTURIAS;08:30 - 09:00;1;0
15305;VILLABONA TABLADIELLO;ASTURIAS;09:00 - 09:30;1;0
15305;VILLABONA TABLADIELLO;ASTURIAS;09:30 - 10:00;1;2
15305;VILLABONA TABLADIELLO;ASTURIAS;10:00 - 10:30;1;0
15305;VILLABONA TABLADIELLO;ASTURIAS;10:30 - 11:00;0;0
15305;VILLABONA TABLADIELLO;ASTURIAS;11:00 - 11:30;0;0
15305;VILLABONA TABLADIELLO;ASTURIAS;11:30 - 12:00;2;2
15305;VILLABONA TABLADIELLO;ASTURIAS;12:00 - 12:30;0;0
15305;VILLABONA TABLADIELLO;ASTURIAS;12:30 - 13:00;1;0
15305;VILLABONA TABLADIELLO;ASTURIAS;13:00 - 13:30;1;2
15305;VILLABONA TABLADIELLO;ASTURIAS;13:30 - 14:00;0;0
15305;VILLABONA TABLADIELLO;ASTURIAS;14:00 - 14:30;1;3
15305;VILLABONA TABLADIELLO;ASTURIAS;14:30 - 15:00;1;0
15305;VILLABONA TABLADIELLO;ASTURIAS;15:00 - 15:30;0;1
15305;VILLABONA TABLADIELLO;ASTURIAS;15:30 - 16:00;0;2
15305;VILLABONA TABLADIELLO;ASTURIAS;16:00 - 16:30;0;0
15305;VILLABONA TABLADIELLO;ASTURIAS;16:30 - 17:00;0;2
15305;VILLABONA TABLADIELLO;ASTURIAS;17:00 - 17:30;0;2
15305;VILLABONA TABLADIELLO;ASTURIAS;17:30 - 18:00;2;0
15305;VILLABONA TABLADIELLO;ASTURIAS;18:00 - 18:30;4;0
15305;VILLABONA TABLADIELLO;ASTURIAS;18:30 - 19:00;0;0
15305;VILLABONA TABLADIELLO;ASTURIAS;19:00 - 19:30;0;1
15305;VILLABONA TABLADIELLO;ASTURIAS;19:30 - 20:00;1;3
15305;VILLABONA TABLADIELLO;ASTURIAS;20:00 - 20:30;0;0
15305;VILLABONA TABLADIELLO;ASTURIAS;20:30 - 21:00;0;0
15305;VILLABONA TABLADIELLO;ASTURIAS;21:00 - 21:30;0;0
15305;VILLABONA TABLADIELLO;ASTURIAS;21:30 - 22:00;2;1
15305;VILLABONA TABLADIELLO;ASTURIAS;22:00 - 22:30;0;2
15305;VILLABONA TABLADIELLO;ASTURIAS;22:30 - 23:00;0;0
15305;VILLABONA TABLADIELLO;ASTURIAS;23:00 - 23:30;0;0
15305;VILLABONA TABLADIELLO;ASTURIAS;23:30 - 00:00;0;0
15400;VERIÑA;ASTURIAS;05:30 - 06:00;0;1
15400;VERIÑA;ASTURIAS;06:00 - 06:30;0;0
15400;VERIÑA;ASTURIAS;06:30 - 07:00;3;0
15400;VERIÑA;ASTURIAS;07:00 - 07:30;0;2
15400;VERIÑA;ASTURIAS;07:30 - 08:00;7;4
15400;VERIÑA;ASTURIAS;08:00 - 08:30;1;2
15400;VERIÑA;ASTURIAS;08:30 - 09:00;0;0
15400;VERIÑA;ASTURIAS;09:00 - 09:30;1;0
15400;VERIÑA;ASTURIAS;09:30 - 10:00;1;0
15400;VERIÑA;ASTURIAS;10:00 - 10:30;2;0
15400;VERIÑA;ASTURIAS;10:30 - 11:00;0;1
15400;VERIÑA;ASTURIAS;11:00 - 11:30;0;0
15400;VERIÑA;ASTURIAS;11:30 - 12:00;0;1
15400;VERIÑA;ASTURIAS;12:00 - 12:30;0;0
15400;VERIÑA;ASTURIAS;12:30 - 13:00;1;0
15400;VERIÑA;ASTURIAS;13:00 - 13:30;1;0
15400;VERIÑA;ASTURIAS;13:30 - 14:00;0;0
15400;VERIÑA;ASTURIAS;14:00 - 14:30;0;0
15400;VERIÑA;ASTURIAS;14:30 - 15:00;3;1
15400;VERIÑA;ASTURIAS;15:00 - 15:30;1;1
15400;VERIÑA;ASTURIAS;15:30 - 16:00;0;0
15400;VERIÑA;ASTURIAS;16:00 - 16:30;0;3
15400;VERIÑA;ASTURIAS;16:30 - 17:00;2;0
15400;VERIÑA;ASTURIAS;17:00 - 17:30;1;3
15400;VERIÑA;ASTURIAS;17:30 - 18:00;4;1
15400;VERIÑA;ASTURIAS;18:00 - 18:30;0;0
15400;VERIÑA;ASTURIAS;18:30 - 19:00;1;1
15400;VERIÑA;ASTURIAS;19:00 - 19:30;0;0
15400;VERIÑA;ASTURIAS;19:30 - 20:00;3;0
15400;VERIÑA;ASTURIAS;20:00 - 20:30;0;0
15400;VERIÑA;ASTURIAS;20:30 - 21:00;0;0
15400;VERIÑA;ASTURIAS;21:00 - 21:30;0;0
15400;VERIÑA;ASTURIAS;21:30 - 22:00;0;3
15400;VERIÑA;ASTURIAS;22:00 - 22:30;1;0
15400;VERIÑA;ASTURIAS;22:30 - 23:00;1;3
15400;VERIÑA;ASTURIAS;23:00 - 23:30;0;0
15400;VERIÑA;ASTURIAS;23:30 - 00:00;0;0
15401;CALZADA DE ASTURIAS;ASTURIAS;05:30 - 06:00;0;3
15401;CALZADA DE ASTURIAS;ASTURIAS;06:00 - 06:30;10;3
15401;CALZADA DE ASTURIAS;ASTURIAS;06:30 - 07:00;56;0
15401;CALZADA DE ASTURIAS;ASTURIAS;07:00 - 07:30;92;8
15401;CALZADA DE ASTURIAS;ASTURIAS;07:30 - 08:00;113;27
15401;CALZADA DE ASTURIAS;ASTURIAS;08:00 - 08:30;64;21
15401;CALZADA DE ASTURIAS;ASTURIAS;08:30 - 09:00;20;9
15401;CALZADA DE ASTURIAS;ASTURIAS;09:00 - 09:30;49;14
15401;CALZADA DE ASTURIAS;ASTURIAS;09:30 - 10:00;19;14
15401;CALZADA DE ASTURIAS;ASTURIAS;10:00 - 10:30;23;11
15401;CALZADA DE ASTURIAS;ASTURIAS;10:30 - 11:00;15;7
15401;CALZADA DE ASTURIAS;ASTURIAS;11:00 - 11:30;12;28
15401;CALZADA DE ASTURIAS;ASTURIAS;11:30 - 12:00;7;1
15401;CALZADA DE ASTURIAS;ASTURIAS;12:00 - 12:30;23;13
15401;CALZADA DE ASTURIAS;ASTURIAS;12:30 - 13:00;1;12
15401;CALZADA DE ASTURIAS;ASTURIAS;13:00 - 13:30;12;24
15401;CALZADA DE ASTURIAS;ASTURIAS;13:30 - 14:00;37;24
15401;CALZADA DE ASTURIAS;ASTURIAS;14:00 - 14:30;26;27
15401;CALZADA DE ASTURIAS;ASTURIAS;14:30 - 15:00;31;83
15401;CALZADA DE ASTURIAS;ASTURIAS;15:00 - 15:30;13;44
15401;CALZADA DE ASTURIAS;ASTURIAS;15:30 - 16:00;17;99
15401;CALZADA DE ASTURIAS;ASTURIAS;16:00 - 16:30;8;47
15401;CALZADA DE ASTURIAS;ASTURIAS;16:30 - 17:00;18;23
15401;CALZADA DE ASTURIAS;ASTURIAS;17:00 - 17:30;11;21
15401;CALZADA DE ASTURIAS;ASTURIAS;17:30 - 18:00;20;28
15401;CALZADA DE ASTURIAS;ASTURIAS;18:00 - 18:30;8;24
15401;CALZADA DE ASTURIAS;ASTURIAS;18:30 - 19:00;9;37
15401;CALZADA DE ASTURIAS;ASTURIAS;19:00 - 19:30;6;27
15401;CALZADA DE ASTURIAS;ASTURIAS;19:30 - 20:00;10;43
15401;CALZADA DE ASTURIAS;ASTURIAS;20:00 - 20:30;18;36
15401;CALZADA DE ASTURIAS;ASTURIAS;20:30 - 21:00;14;29
15401;CALZADA DE ASTURIAS;ASTURIAS;21:00 - 21:30;10;27
15401;CALZADA DE ASTURIAS;ASTURIAS;21:30 - 22:00;10;19
15401;CALZADA DE ASTURIAS;ASTURIAS;22:00 - 22:30;2;14
15401;CALZADA DE ASTURIAS;ASTURIAS;22:30 - 23:00;9;12
15401;CALZADA DE ASTURIAS;ASTURIAS;23:00 - 23:30;0;14
15401;CALZADA DE ASTURIAS;ASTURIAS;23:30 - 00:00;6;0
15410;GIJON-SANZ CRESPO;ASTURIAS;05:30 - 06:00;0;5
15410;GIJON-SANZ CRESPO;ASTURIAS;06:00 - 06:30;34;8
15410;GIJON-SANZ CRESPO;ASTURIAS;06:30 - 07:00;30;0
15410;GIJON-SANZ CRESPO;ASTURIAS;07:00 - 07:30;129;31
15410;GIJON-SANZ CRESPO;ASTURIAS;07:30 - 08:00;68;56
15410;GIJON-SANZ CRESPO;ASTURIAS;08:00 - 08:30;125;85
15410;GIJON-SANZ CRESPO;ASTURIAS;08:30 - 09:00;0;41
15410;GIJON-SANZ CRESPO;ASTURIAS;09:00 - 09:30;135;43
15410;GIJON-SANZ CRESPO;ASTURIAS;09:30 - 10:00;0;35
15410;GIJON-SANZ CRESPO;ASTURIAS;10:00 - 10:30;54;31
15410;GIJON-SANZ CRESPO;ASTURIAS;10:30 - 11:00;0;18
15410;GIJON-SANZ CRESPO;ASTURIAS;11:00 - 11:30;53;32
15410;GIJON-SANZ CRESPO;ASTURIAS;12:00 - 12:30;93;40
15410;GIJON-SANZ CRESPO;ASTURIAS;12:30 - 13:00;0;23
15410;GIJON-SANZ CRESPO;ASTURIAS;13:00 - 13:30;28;29
15410;GIJON-SANZ CRESPO;ASTURIAS;13:30 - 14:00;52;43
15410;GIJON-SANZ CRESPO;ASTURIAS;14:00 - 14:30;80;56
15410;GIJON-SANZ CRESPO;ASTURIAS;14:30 - 15:00;26;95
15410;GIJON-SANZ CRESPO;ASTURIAS;15:00 - 15:30;108;61
15410;GIJON-SANZ CRESPO;ASTURIAS;15:30 - 16:00;0;81
15410;GIJON-SANZ CRESPO;ASTURIAS;16:00 - 16:30;39;0
15410;GIJON-SANZ CRESPO;ASTURIAS;16:30 - 17:00;24;81
15410;GIJON-SANZ CRESPO;ASTURIAS;17:00 - 17:30;64;36
15410;GIJON-SANZ CRESPO;ASTURIAS;17:30 - 18:00;0;34
15410;GIJON-SANZ CRESPO;ASTURIAS;18:00 - 18:30;77;37
15410;GIJON-SANZ CRESPO;ASTURIAS;18:30 - 19:00;0;55
15410;GIJON-SANZ CRESPO;ASTURIAS;19:00 - 19:30;60;41
15410;GIJON-SANZ CRESPO;ASTURIAS;19:30 - 20:00;0;40
15410;GIJON-SANZ CRESPO;ASTURIAS;20:00 - 20:30;70;63
15410;GIJON-SANZ CRESPO;ASTURIAS;20:30 - 21:00;0;37
15410;GIJON-SANZ CRESPO;ASTURIAS;21:00 - 21:30;31;34
15410;GIJON-SANZ CRESPO;ASTURIAS;21:30 - 22:00;34;26
15410;GIJON-SANZ CRESPO;ASTURIAS;22:00 - 22:30;25;20
15410;GIJON-SANZ CRESPO;ASTURIAS;22:30 - 23:00;0;8
15410;GIJON-SANZ CRESPO;ASTURIAS;23:00 - 23:30;0;9
15410;GIJON-SANZ CRESPO;ASTURIAS;23:30 - 00:00;11;0
16001;SANTA EULALIA DE MANZANEDA;ASTURIAS;06:00 - 06:30;0;0
16001;SANTA EULALIA DE MANZANEDA;ASTURIAS;06:30 - 07:00;3;2
16001;SANTA EULALIA DE MANZANEDA;ASTURIAS;07:00 - 07:30;0;0
16001;SANTA EULALIA DE MANZANEDA;ASTURIAS;07:30 - 08:00;0;3
16001;SANTA EULALIA DE MANZANEDA;ASTURIAS;08:00 - 08:30;1;0
16001;SANTA EULALIA DE MANZANEDA;ASTURIAS;08:30 - 09:00;0;8
16001;SANTA EULALIA DE MANZANEDA;ASTURIAS;09:00 - 09:30;1;0
16001;SANTA EULALIA DE MANZANEDA;ASTURIAS;09:30 - 10:00;1;1
16001;SANTA EULALIA DE MANZANEDA;ASTURIAS;10:00 - 10:30;1;1
16001;SANTA EULALIA DE MANZANEDA;ASTURIAS;10:30 - 11:00;1;1
16001;SANTA EULALIA DE MANZANEDA;ASTURIAS;11:00 - 11:30;0;0
16001;SANTA EULALIA DE MANZANEDA;ASTURIAS;12:30 - 13:00;0;1
16001;SANTA EULALIA DE MANZANEDA;ASTURIAS;13:00 - 13:30;1;0
16001;SANTA EULALIA DE MANZANEDA;ASTURIAS;13:30 - 14:00;0;1
16001;SANTA EULALIA DE MANZANEDA;ASTURIAS;14:00 - 14:30;1;0
16001;SANTA EULALIA DE MANZANEDA;ASTURIAS;14:30 - 15:00;0;0
16001;SANTA EULALIA DE MANZANEDA;ASTURIAS;15:00 - 15:30;2;0
16001;SANTA EULALIA DE MANZANEDA;ASTURIAS;15:30 - 16:00;1;1
16001;SANTA EULALIA DE MANZANEDA;ASTURIAS;16:00 - 16:30;0;0
16001;SANTA EULALIA DE MANZANEDA;ASTURIAS;16:30 - 17:00;2;0
16001;SANTA EULALIA DE MANZANEDA;ASTURIAS;17:00 - 17:30;0;0
16001;SANTA EULALIA DE MANZANEDA;ASTURIAS;17:30 - 18:00;0;0
16001;SANTA EULALIA DE MANZANEDA;ASTURIAS;18:00 - 18:30;0;0
16001;SANTA EULALIA DE MANZANEDA;ASTURIAS;18:30 - 19:00;0;1
16001;SANTA EULALIA DE MANZANEDA;ASTURIAS;19:00 - 19:30;1;1
16001;SANTA EULALIA DE MANZANEDA;ASTURIAS;19:30 - 20:00;0;1
16001;SANTA EULALIA DE MANZANEDA;ASTURIAS;20:00 - 20:30;1;0
16001;SANTA EULALIA DE MANZANEDA;ASTURIAS;20:30 - 21:00;0;1
16001;SANTA EULALIA DE MANZANEDA;ASTURIAS;21:00 - 21:30;0;0
16001;SANTA EULALIA DE MANZANEDA;ASTURIAS;21:30 - 22:00;0;0
16001;SANTA EULALIA DE MANZANEDA;ASTURIAS;22:00 - 22:30;0;0
16001;SANTA EULALIA DE MANZANEDA;ASTURIAS;22:30 - 23:00;0;1
16001;SANTA EULALIA DE MANZANEDA;ASTURIAS;23:00 - 23:30;0;0
16002;TUDELA-VEGUIN;ASTURIAS;06:00 - 06:30;0;0
16002;TUDELA-VEGUIN;ASTURIAS;06:30 - 07:00;1;3
16002;TUDELA-VEGUIN;ASTURIAS;07:00 - 07:30;4;2
16002;TUDELA-VEGUIN;ASTURIAS;07:30 - 08:00;1;3
16002;TUDELA-VEGUIN;ASTURIAS;08:00 - 08:30;5;0
16002;TUDELA-VEGUIN;ASTURIAS;08:30 - 09:00;3;1
16002;TUDELA-VEGUIN;ASTURIAS;09:00 - 09:30;1;3
16002;TUDELA-VEGUIN;ASTURIAS;09:30 - 10:00;2;3
16002;TUDELA-VEGUIN;ASTURIAS;10:00 - 10:30;4;2
16002;TUDELA-VEGUIN;ASTURIAS;10:30 - 11:00;5;2
16002;TUDELA-VEGUIN;ASTURIAS;11:00 - 11:30;2;1
16002;TUDELA-VEGUIN;ASTURIAS;12:30 - 13:00;1;1
16002;TUDELA-VEGUIN;ASTURIAS;13:00 - 13:30;3;0
16002;TUDELA-VEGUIN;ASTURIAS;13:30 - 14:00;3;2
16002;TUDELA-VEGUIN;ASTURIAS;14:00 - 14:30;3;2
16002;TUDELA-VEGUIN;ASTURIAS;14:30 - 15:00;4;5
16002;TUDELA-VEGUIN;ASTURIAS;15:00 - 15:30;2;0
16002;TUDELA-VEGUIN;ASTURIAS;15:30 - 16:00;3;4
16002;TUDELA-VEGUIN;ASTURIAS;16:00 - 16:30;2;1
16002;TUDELA-VEGUIN;ASTURIAS;16:30 - 17:00;4;1
16002;TUDELA-VEGUIN;ASTURIAS;17:00 - 17:30;0;1
16002;TUDELA-VEGUIN;ASTURIAS;17:30 - 18:00;0;0
16002;TUDELA-VEGUIN;ASTURIAS;18:00 - 18:30;4;2
16002;TUDELA-VEGUIN;ASTURIAS;18:30 - 19:00;1;2
16002;TUDELA-VEGUIN;ASTURIAS;19:00 - 19:30;2;2
16002;TUDELA-VEGUIN;ASTURIAS;19:30 - 20:00;0;2
16002;TUDELA-VEGUIN;ASTURIAS;20:00 - 20:30;3;0
16002;TUDELA-VEGUIN;ASTURIAS;20:30 - 21:00;0;4
16002;TUDELA-VEGUIN;ASTURIAS;21:00 - 21:30;3;2
16002;TUDELA-VEGUIN;ASTURIAS;21:30 - 22:00;1;2
16002;TUDELA-VEGUIN;ASTURIAS;22:00 - 22:30;0;0
16002;TUDELA-VEGUIN;ASTURIAS;22:30 - 23:00;1;1
16002;TUDELA-VEGUIN;ASTURIAS;23:00 - 23:30;0;0
16005;PEÑA RUBIA;ASTURIAS;06:00 - 06:30;0;0
16005;PEÑA RUBIA;ASTURIAS;06:30 - 07:00;0;3
16005;PEÑA RUBIA;ASTURIAS;07:00 - 07:30;0;0
16005;PEÑA RUBIA;ASTURIAS;07:30 - 08:00;0;1
16005;PEÑA RUBIA;ASTURIAS;08:30 - 09:00;0;1
16005;PEÑA RUBIA;ASTURIAS;09:00 - 09:30;0;0
16005;PEÑA RUBIA;ASTURIAS;09:30 - 10:00;1;0
16005;PEÑA RUBIA;ASTURIAS;10:00 - 10:30;0;0
16005;PEÑA RUBIA;ASTURIAS;10:30 - 11:00;0;0
16005;PEÑA RUBIA;ASTURIAS;11:00 - 11:30;0;1
16005;PEÑA RUBIA;ASTURIAS;12:30 - 13:00;1;0
16005;PEÑA RUBIA;ASTURIAS;13:00 - 13:30;0;0
16005;PEÑA RUBIA;ASTURIAS;13:30 - 14:00;0;1
16005;PEÑA RUBIA;ASTURIAS;14:00 - 14:30;1;0
16005;PEÑA RUBIA;ASTURIAS;14:30 - 15:00;0;2
16005;PEÑA RUBIA;ASTURIAS;15:00 - 15:30;2;0
16005;PEÑA RUBIA;ASTURIAS;15:30 - 16:00;0;2
16005;PEÑA RUBIA;ASTURIAS;16:00 - 16:30;0;0
16005;PEÑA RUBIA;ASTURIAS;16:30 - 17:00;2;3
16005;PEÑA RUBIA;ASTURIAS;17:00 - 17:30;2;1
16005;PEÑA RUBIA;ASTURIAS;17:30 - 18:00;5;0
16005;PEÑA RUBIA;ASTURIAS;18:00 - 18:30;0;0
16005;PEÑA RUBIA;ASTURIAS;18:30 - 19:00;0;2
16005;PEÑA RUBIA;ASTURIAS;19:00 - 19:30;1;2
16005;PEÑA RUBIA;ASTURIAS;19:30 - 20:00;0;0
16005;PEÑA RUBIA;ASTURIAS;20:00 - 20:30;0;0
16005;PEÑA RUBIA;ASTURIAS;20:30 - 21:00;0;1
16005;PEÑA RUBIA;ASTURIAS;21:00 - 21:30;0;3
16005;PEÑA RUBIA;ASTURIAS;21:30 - 22:00;0;0
16005;PEÑA RUBIA;ASTURIAS;22:00 - 22:30;0;0
16005;PEÑA RUBIA;ASTURIAS;22:30 - 23:00;0;1
16005;PEÑA RUBIA;ASTURIAS;23:00 - 23:30;0;0
16006;BARROS;ASTURIAS;06:00 - 06:30;0;0
16006;BARROS;ASTURIAS;06:30 - 07:00;0;0
16006;BARROS;ASTURIAS;07:00 - 07:30;0;0
16006;BARROS;ASTURIAS;07:30 - 08:00;0;0
16006;BARROS;ASTURIAS;08:30 - 09:00;0;2
16006;BARROS;ASTURIAS;09:00 - 09:30;4;1
16006;BARROS;ASTURIAS;09:30 - 10:00;0;0
16006;BARROS;ASTURIAS;10:00 - 10:30;0;0
16006;BARROS;ASTURIAS;10:30 - 11:00;2;0
16006;BARROS;ASTURIAS;12:30 - 13:00;0;2
16006;BARROS;ASTURIAS;13:00 - 13:30;2;0
16006;BARROS;ASTURIAS;13:30 - 14:00;0;1
16006;BARROS;ASTURIAS;14:00 - 14:30;0;0
16006;BARROS;ASTURIAS;14:30 - 15:00;1;0
16006;BARROS;ASTURIAS;15:30 - 16:00;0;2
16006;BARROS;ASTURIAS;16:00 - 16:30;0;0
16006;BARROS;ASTURIAS;16:30 - 17:00;0;1
16006;BARROS;ASTURIAS;17:00 - 17:30;1;0
16006;BARROS;ASTURIAS;17:30 - 18:00;2;0
16006;BARROS;ASTURIAS;18:30 - 19:00;0;0
16006;BARROS;ASTURIAS;19:00 - 19:30;0;0
16006;BARROS;ASTURIAS;19:30 - 20:00;0;0
16006;BARROS;ASTURIAS;20:00 - 20:30;0;1
16006;BARROS;ASTURIAS;20:30 - 21:00;0;0
16006;BARROS;ASTURIAS;21:00 - 21:30;0;0
16006;BARROS;ASTURIAS;21:30 - 22:00;0;1
16006;BARROS;ASTURIAS;22:30 - 23:00;0;1
16006;BARROS;ASTURIAS;23:00 - 23:30;0;0
16008;LA FELGUERA;ASTURIAS;06:00 - 06:30;1;2
16008;LA FELGUERA;ASTURIAS;06:30 - 07:00;9;0
16008;LA FELGUERA;ASTURIAS;07:00 - 07:30;14;0
16008;LA FELGUERA;ASTURIAS;07:30 - 08:00;29;2
16008;LA FELGUERA;ASTURIAS;08:00 - 08:30;3;41
16008;LA FELGUERA;ASTURIAS;08:30 - 09:00;42;19
16008;LA FELGUERA;ASTURIAS;09:30 - 10:00;21;17
16008;LA FELGUERA;ASTURIAS;10:30 - 11:00;31;17
16008;LA FELGUERA;ASTURIAS;12:30 - 13:00;14;14
16008;LA FELGUERA;ASTURIAS;13:30 - 14:00;17;39
16008;LA FELGUERA;ASTURIAS;14:30 - 15:00;34;13
16008;LA FELGUERA;ASTURIAS;15:30 - 16:00;22;1
16008;LA FELGUERA;ASTURIAS;16:00 - 16:30;2;22
16008;LA FELGUERA;ASTURIAS;16:30 - 17:00;25;26
16008;LA FELGUERA;ASTURIAS;17:30 - 18:00;17;29
16008;LA FELGUERA;ASTURIAS;18:30 - 19:00;28;32
16008;LA FELGUERA;ASTURIAS;19:30 - 20:00;12;29
16008;LA FELGUERA;ASTURIAS;20:00 - 20:30;3;19
16008;LA FELGUERA;ASTURIAS;20:30 - 21:00;21;26
16008;LA FELGUERA;ASTURIAS;21:30 - 22:00;6;20
16008;LA FELGUERA;ASTURIAS;22:30 - 23:00;4;11
16008;LA FELGUERA;ASTURIAS;23:00 - 23:30;3;1
16009;SAMA;ASTURIAS;06:00 - 06:30;0;2
16009;SAMA;ASTURIAS;06:30 - 07:00;9;1
16009;SAMA;ASTURIAS;07:00 - 07:30;10;5
16009;SAMA;ASTURIAS;07:30 - 08:00;19;0
16009;SAMA;ASTURIAS;08:00 - 08:30;1;5
16009;SAMA;ASTURIAS;08:30 - 09:00;22;1
16009;SAMA;ASTURIAS;09:00 - 09:30;0;11
16009;SAMA;ASTURIAS;09:30 - 10:00;22;1
16009;SAMA;ASTURIAS;10:00 - 10:30;1;7
16009;SAMA;ASTURIAS;10:30 - 11:00;10;2
16009;SAMA;ASTURIAS;12:30 - 13:00;11;0
16009;SAMA;ASTURIAS;13:00 - 13:30;0;13
16009;SAMA;ASTURIAS;13:30 - 14:00;23;11
16009;SAMA;ASTURIAS;14:30 - 15:00;11;2
16009;SAMA;ASTURIAS;15:00 - 15:30;0;40
16009;SAMA;ASTURIAS;15:30 - 16:00;9;2
16009;SAMA;ASTURIAS;16:00 - 16:30;2;18
16009;SAMA;ASTURIAS;16:30 - 17:00;18;13
16009;SAMA;ASTURIAS;17:30 - 18:00;12;14
16009;SAMA;ASTURIAS;18:30 - 19:00;12;0
16009;SAMA;ASTURIAS;19:00 - 19:30;0;16
16009;SAMA;ASTURIAS;19:30 - 20:00;4;2
16009;SAMA;ASTURIAS;20:00 - 20:30;3;15
16009;SAMA;ASTURIAS;20:30 - 21:00;3;2
16009;SAMA;ASTURIAS;21:00 - 21:30;0;16
16009;SAMA;ASTURIAS;21:30 - 22:00;3;1
16009;SAMA;ASTURIAS;22:00 - 22:30;2;15
16009;SAMA;ASTURIAS;22:30 - 23:00;3;6
16009;SAMA;ASTURIAS;23:00 - 23:30;0;1
16010;CIAÑO;ASTURIAS;06:00 - 06:30;0;0
16010;CIAÑO;ASTURIAS;06:30 - 07:00;4;0
16010;CIAÑO;ASTURIAS;07:00 - 07:30;0;0
16010;CIAÑO;ASTURIAS;07:30 - 08:00;9;0
16010;CIAÑO;ASTURIAS;08:00 - 08:30;0;7
16010;CIAÑO;ASTURIAS;08:30 - 09:00;4;0
16010;CIAÑO;ASTURIAS;09:00 - 09:30;0;4
16010;CIAÑO;ASTURIAS;09:30 - 10:00;1;0
16010;CIAÑO;ASTURIAS;10:00 - 10:30;0;1
16010;CIAÑO;ASTURIAS;10:30 - 11:00;5;0
16010;CIAÑO;ASTURIAS;11:00 - 11:30;0;1
16010;CIAÑO;ASTURIAS;12:30 - 13:00;2;0
16010;CIAÑO;ASTURIAS;13:00 - 13:30;0;3
16010;CIAÑO;ASTURIAS;13:30 - 14:00;3;0
16010;CIAÑO;ASTURIAS;14:00 - 14:30;0;3
16010;CIAÑO;ASTURIAS;14:30 - 15:00;16;0
16010;CIAÑO;ASTURIAS;15:00 - 15:30;0;12
16010;CIAÑO;ASTURIAS;15:30 - 16:00;4;0
16010;CIAÑO;ASTURIAS;16:00 - 16:30;0;3
16010;CIAÑO;ASTURIAS;16:30 - 17:00;5;0
16010;CIAÑO;ASTURIAS;17:00 - 17:30;0;7
16010;CIAÑO;ASTURIAS;17:30 - 18:00;4;0
16010;CIAÑO;ASTURIAS;18:00 - 18:30;0;4
16010;CIAÑO;ASTURIAS;18:30 - 19:00;3;2
16010;CIAÑO;ASTURIAS;19:00 - 19:30;0;2
16010;CIAÑO;ASTURIAS;19:30 - 20:00;3;0
16010;CIAÑO;ASTURIAS;20:00 - 20:30;0;2
16010;CIAÑO;ASTURIAS;20:30 - 21:00;8;0
16010;CIAÑO;ASTURIAS;21:00 - 21:30;0;4
16010;CIAÑO;ASTURIAS;21:30 - 22:00;0;1
16010;CIAÑO;ASTURIAS;22:00 - 22:30;2;5
16010;CIAÑO;ASTURIAS;22:30 - 23:00;0;0
16010;CIAÑO;ASTURIAS;23:00 - 23:30;1;2
16011;EL ENTREGO;ASTURIAS;06:00 - 06:30;19;2
16011;EL ENTREGO;ASTURIAS;07:00 - 07:30;14;2
16011;EL ENTREGO;ASTURIAS;07:30 - 08:00;30;0
16011;EL ENTREGO;ASTURIAS;08:00 - 08:30;0;8
16011;EL ENTREGO;ASTURIAS;08:30 - 09:00;25;0
16011;EL ENTREGO;ASTURIAS;09:00 - 09:30;0;18
16011;EL ENTREGO;ASTURIAS;09:30 - 10:00;15;0
16011;EL ENTREGO;ASTURIAS;10:00 - 10:30;0;9
16011;EL ENTREGO;ASTURIAS;10:30 - 11:00;8;0
16011;EL ENTREGO;ASTURIAS;11:00 - 11:30;0;2
16011;EL ENTREGO;ASTURIAS;12:30 - 13:00;12;0
16011;EL ENTREGO;ASTURIAS;13:00 - 13:30;0;9
16011;EL ENTREGO;ASTURIAS;13:30 - 14:00;26;0
16011;EL ENTREGO;ASTURIAS;14:00 - 14:30;0;30
16011;EL ENTREGO;ASTURIAS;14:30 - 15:00;19;0
16011;EL ENTREGO;ASTURIAS;15:00 - 15:30;0;28
16011;EL ENTREGO;ASTURIAS;15:30 - 16:00;13;0
16011;EL ENTREGO;ASTURIAS;16:00 - 16:30;0;17
16011;EL ENTREGO;ASTURIAS;16:30 - 17:00;5;0
16011;EL ENTREGO;ASTURIAS;17:00 - 17:30;0;14
16011;EL ENTREGO;ASTURIAS;17:30 - 18:00;8;0
16011;EL ENTREGO;ASTURIAS;18:00 - 18:30;0;11
16011;EL ENTREGO;ASTURIAS;18:30 - 19:00;7;0
16011;EL ENTREGO;ASTURIAS;19:00 - 19:30;0;19
16011;EL ENTREGO;ASTURIAS;19:30 - 20:00;10;0
16011;EL ENTREGO;ASTURIAS;20:00 - 20:30;5;22
16011;EL ENTREGO;ASTURIAS;20:30 - 21:00;2;0
16011;EL ENTREGO;ASTURIAS;21:00 - 21:30;0;12
16011;EL ENTREGO;ASTURIAS;21:30 - 22:00;6;0
16011;EL ENTREGO;ASTURIAS;22:00 - 22:30;1;12
16011;EL ENTREGO;ASTURIAS;23:00 - 23:30;1;6
16301;FERROÑES;ASTURIAS;06:00 - 06:30;0;0
16301;FERROÑES;ASTURIAS;06:30 - 07:00;0;0
16301;FERROÑES;ASTURIAS;07:00 - 07:30;3;0
16301;FERROÑES;ASTURIAS;07:30 - 08:00;0;0
16301;FERROÑES;ASTURIAS;08:00 - 08:30;1;0
16301;FERROÑES;ASTURIAS;08:30 - 09:00;1;0
16301;FERROÑES;ASTURIAS;09:00 - 09:30;1;0
16301;FERROÑES;ASTURIAS;09:30 - 10:00;0;0
16301;FERROÑES;ASTURIAS;10:00 - 10:30;2;0
16301;FERROÑES;ASTURIAS;10:30 - 11:00;0;0
16301;FERROÑES;ASTURIAS;11:30 - 12:00;1;1
16301;FERROÑES;ASTURIAS;12:00 - 12:30;0;0
16301;FERROÑES;ASTURIAS;12:30 - 13:00;0;0
16301;FERROÑES;ASTURIAS;13:00 - 13:30;0;0
16301;FERROÑES;ASTURIAS;13:30 - 14:00;1;3
16301;FERROÑES;ASTURIAS;14:00 - 14:30;1;1
16301;FERROÑES;ASTURIAS;14:30 - 15:00;1;0
16301;FERROÑES;ASTURIAS;15:00 - 15:30;0;1
16301;FERROÑES;ASTURIAS;15:30 - 16:00;0;0
16301;FERROÑES;ASTURIAS;16:00 - 16:30;0;0
16301;FERROÑES;ASTURIAS;16:30 - 17:00;1;0
16301;FERROÑES;ASTURIAS;17:30 - 18:00;1;2
16301;FERROÑES;ASTURIAS;18:00 - 18:30;0;2
16301;FERROÑES;ASTURIAS;18:30 - 19:00;0;0
16301;FERROÑES;ASTURIAS;19:00 - 19:30;0;0
16301;FERROÑES;ASTURIAS;19:30 - 20:00;0;1
16301;FERROÑES;ASTURIAS;20:00 - 20:30;0;0
16301;FERROÑES;ASTURIAS;20:30 - 21:00;0;0
16301;FERROÑES;ASTURIAS;21:00 - 21:30;0;0
16301;FERROÑES;ASTURIAS;21:30 - 22:00;0;2
16301;FERROÑES;ASTURIAS;22:00 - 22:30;0;0
16301;FERROÑES;ASTURIAS;22:30 - 23:00;0;0
16301;FERROÑES;ASTURIAS;23:30 - 00:00;0;0
16302;CANCIENES;ASTURIAS;06:00 - 06:30;1;1
16302;CANCIENES;ASTURIAS;06:30 - 07:00;8;0
16302;CANCIENES;ASTURIAS;07:00 - 07:30;2;1
16302;CANCIENES;ASTURIAS;07:30 - 08:00;12;4
16302;CANCIENES;ASTURIAS;08:00 - 08:30;7;0
16302;CANCIENES;ASTURIAS;08:30 - 09:00;4;0
16302;CANCIENES;ASTURIAS;09:00 - 09:30;8;1
16302;CANCIENES;ASTURIAS;09:30 - 10:00;4;1
16302;CANCIENES;ASTURIAS;10:30 - 11:00;3;2
16302;CANCIENES;ASTURIAS;11:30 - 12:00;4;0
16302;CANCIENES;ASTURIAS;12:00 - 12:30;1;10
16302;CANCIENES;ASTURIAS;13:00 - 13:30;2;3
16302;CANCIENES;ASTURIAS;13:30 - 14:00;2;3
16302;CANCIENES;ASTURIAS;14:00 - 14:30;1;6
16302;CANCIENES;ASTURIAS;14:30 - 15:00;0;3
16302;CANCIENES;ASTURIAS;15:00 - 15:30;0;6
16302;CANCIENES;ASTURIAS;15:30 - 16:00;4;6
16302;CANCIENES;ASTURIAS;16:00 - 16:30;3;7
16302;CANCIENES;ASTURIAS;16:30 - 17:00;4;2
16302;CANCIENES;ASTURIAS;17:30 - 18:00;3;6
16302;CANCIENES;ASTURIAS;18:00 - 18:30;1;2
16302;CANCIENES;ASTURIAS;18:30 - 19:00;3;2
16302;CANCIENES;ASTURIAS;19:00 - 19:30;2;7
16302;CANCIENES;ASTURIAS;19:30 - 20:00;0;3
16302;CANCIENES;ASTURIAS;20:00 - 20:30;0;1
16302;CANCIENES;ASTURIAS;20:30 - 21:00;0;2
16302;CANCIENES;ASTURIAS;21:00 - 21:30;2;2
16302;CANCIENES;ASTURIAS;21:30 - 22:00;1;3
16302;CANCIENES;ASTURIAS;22:00 - 22:30;1;0
16302;CANCIENES;ASTURIAS;22:30 - 23:00;0;0
16302;CANCIENES;ASTURIAS;23:30 - 00:00;1;0
16400;NUBLEDO;ASTURIAS;06:00 - 06:30;0;0
16400;NUBLEDO;ASTURIAS;06:30 - 07:00;0;0
16400;NUBLEDO;ASTURIAS;07:00 - 07:30;2;1
16400;NUBLEDO;ASTURIAS;08:00 - 08:30;2;1
16400;NUBLEDO;ASTURIAS;08:30 - 09:00;2;3
16400;NUBLEDO;ASTURIAS;09:00 - 09:30;1;0
16400;NUBLEDO;ASTURIAS;09:30 - 10:00;3;1
16400;NUBLEDO;ASTURIAS;10:30 - 11:00;3;1
16400;NUBLEDO;ASTURIAS;11:30 - 12:00;2;2
16400;NUBLEDO;ASTURIAS;12:00 - 12:30;0;1
16400;NUBLEDO;ASTURIAS;13:00 - 13:30;3;3
16400;NUBLEDO;ASTURIAS;13:30 - 14:00;1;1
16400;NUBLEDO;ASTURIAS;14:00 - 14:30;1;1
16400;NUBLEDO;ASTURIAS;14:30 - 15:00;0;0
16400;NUBLEDO;ASTURIAS;15:00 - 15:30;0;0
16400;NUBLEDO;ASTURIAS;15:30 - 16:00;2;0
16400;NUBLEDO;ASTURIAS;16:00 - 16:30;0;0
16400;NUBLEDO;ASTURIAS;16:30 - 17:00;0;0
16400;NUBLEDO;ASTURIAS;17:00 - 17:30;1;1
16400;NUBLEDO;ASTURIAS;17:30 - 18:00;0;0
16400;NUBLEDO;ASTURIAS;18:00 - 18:30;0;3
16400;NUBLEDO;ASTURIAS;18:30 - 19:00;3;0
16400;NUBLEDO;ASTURIAS;19:00 - 19:30;2;1
16400;NUBLEDO;ASTURIAS;19:30 - 20:00;0;1
16400;NUBLEDO;ASTURIAS;20:00 - 20:30;1;0
16400;NUBLEDO;ASTURIAS;20:30 - 21:00;0;3
16400;NUBLEDO;ASTURIAS;21:00 - 21:30;0;0
16400;NUBLEDO;ASTURIAS;21:30 - 22:00;0;0
16400;NUBLEDO;ASTURIAS;22:00 - 22:30;1;0
16400;NUBLEDO;ASTURIAS;23:00 - 23:30;2;0
16401;VILLALEGRE;ASTURIAS;06:00 - 06:30;3;2
16401;VILLALEGRE;ASTURIAS;06:30 - 07:00;38;1
16401;VILLALEGRE;ASTURIAS;07:00 - 07:30;37;2
16401;VILLALEGRE;ASTURIAS;07:30 - 08:00;38;6
16401;VILLALEGRE;ASTURIAS;08:00 - 08:30;65;9
16401;VILLALEGRE;ASTURIAS;08:30 - 09:00;15;0
16401;VILLALEGRE;ASTURIAS;09:00 - 09:30;24;7
16401;VILLALEGRE;ASTURIAS;09:30 - 10:00;19;4
16401;VILLALEGRE;ASTURIAS;10:00 - 10:30;5;6
16401;VILLALEGRE;ASTURIAS;10:30 - 11:00;13;0
16401;VILLALEGRE;ASTURIAS;11:00 - 11:30;1;3
16401;VILLALEGRE;ASTURIAS;11:30 - 12:00;11;2
16401;VILLALEGRE;ASTURIAS;12:00 - 12:30;4;8
16401;VILLALEGRE;ASTURIAS;13:00 - 13:30;15;16
16401;VILLALEGRE;ASTURIAS;13:30 - 14:00;21;12
16401;VILLALEGRE;ASTURIAS;14:00 - 14:30;7;27
16401;VILLALEGRE;ASTURIAS;14:30 - 15:00;12;19
16401;VILLALEGRE;ASTURIAS;15:00 - 15:30;9;45
16401;VILLALEGRE;ASTURIAS;15:30 - 16:00;13;49
16401;VILLALEGRE;ASTURIAS;16:00 - 16:30;22;24
16401;VILLALEGRE;ASTURIAS;17:00 - 17:30;24;19
16401;VILLALEGRE;ASTURIAS;18:00 - 18:30;12;16
16401;VILLALEGRE;ASTURIAS;18:30 - 19:00;5;20
16401;VILLALEGRE;ASTURIAS;19:00 - 19:30;12;21
16401;VILLALEGRE;ASTURIAS;19:30 - 20:00;6;21
16401;VILLALEGRE;ASTURIAS;20:00 - 20:30;4;19
16401;VILLALEGRE;ASTURIAS;20:30 - 21:00;2;30
16401;VILLALEGRE;ASTURIAS;21:00 - 21:30;6;18
16401;VILLALEGRE;ASTURIAS;21:30 - 22:00;4;0
16401;VILLALEGRE;ASTURIAS;22:00 - 22:30;0;19
16401;VILLALEGRE;ASTURIAS;23:00 - 23:30;1;18
16402;LA ROCICA;ASTURIAS;06:00 - 06:30;0;1
16402;LA ROCICA;ASTURIAS;06:30 - 07:00;23;0
16402;LA ROCICA;ASTURIAS;07:00 - 07:30;24;0
16402;LA ROCICA;ASTURIAS;07:30 - 08:00;31;5
16402;LA ROCICA;ASTURIAS;08:00 - 08:30;39;1
16402;LA ROCICA;ASTURIAS;08:30 - 09:00;14;0
16402;LA ROCICA;ASTURIAS;09:00 - 09:30;17;3
16402;LA ROCICA;ASTURIAS;09:30 - 10:00;11;4
16402;LA ROCICA;ASTURIAS;10:00 - 10:30;2;2
16402;LA ROCICA;ASTURIAS;10:30 - 11:00;5;1
16402;LA ROCICA;ASTURIAS;11:00 - 11:30;1;2
16402;LA ROCICA;ASTURIAS;11:30 - 12:00;4;0
16402;LA ROCICA;ASTURIAS;12:00 - 12:30;0;7
16402;LA ROCICA;ASTURIAS;13:00 - 13:30;7;8
16402;LA ROCICA;ASTURIAS;13:30 - 14:00;11;13
16402;LA ROCICA;ASTURIAS;14:00 - 14:30;2;14
16402;LA ROCICA;ASTURIAS;14:30 - 15:00;7;12
16402;LA ROCICA;ASTURIAS;15:00 - 15:30;7;22
16402;LA ROCICA;ASTURIAS;15:30 - 16:00;6;28
16402;LA ROCICA;ASTURIAS;16:00 - 16:30;3;13
16402;LA ROCICA;ASTURIAS;17:00 - 17:30;10;13
16402;LA ROCICA;ASTURIAS;18:00 - 18:30;2;9
16402;LA ROCICA;ASTURIAS;18:30 - 19:00;8;4
16402;LA ROCICA;ASTURIAS;19:00 - 19:30;4;14
16402;LA ROCICA;ASTURIAS;19:30 - 20:00;3;8
16402;LA ROCICA;ASTURIAS;20:00 - 20:30;2;17
16402;LA ROCICA;ASTURIAS;20:30 - 21:00;0;9
16402;LA ROCICA;ASTURIAS;21:00 - 21:30;1;5
16402;LA ROCICA;ASTURIAS;21:30 - 22:00;1;0
16402;LA ROCICA;ASTURIAS;22:00 - 22:30;4;6
16402;LA ROCICA;ASTURIAS;23:00 - 23:30;0;7
16403;AVILES;ASTURIAS;06:30 - 07:00;32;8
16403;AVILES;ASTURIAS;07:00 - 07:30;20;13
16403;AVILES;ASTURIAS;07:30 - 08:00;33;24
16403;AVILES;ASTURIAS;08:00 - 08:30;68;92
16403;AVILES;ASTURIAS;08:30 - 09:00;12;0
16403;AVILES;ASTURIAS;09:00 - 09:30;17;31
16403;AVILES;ASTURIAS;09:30 - 10:00;36;21
16403;AVILES;ASTURIAS;10:00 - 10:30;0;19
16403;AVILES;ASTURIAS;10:30 - 11:00;14;0
16403;AVILES;ASTURIAS;11:00 - 11:30;0;19
16403;AVILES;ASTURIAS;11:30 - 12:00;25;0
16403;AVILES;ASTURIAS;12:00 - 12:30;9;18
16403;AVILES;ASTURIAS;13:00 - 13:30;20;23
16403;AVILES;ASTURIAS;13:30 - 14:00;42;9
16403;AVILES;ASTURIAS;14:00 - 14:30;22;27
16403;AVILES;ASTURIAS;14:30 - 15:00;43;18
16403;AVILES;ASTURIAS;15:00 - 15:30;20;30
16403;AVILES;ASTURIAS;15:30 - 16:00;27;24
16403;AVILES;ASTURIAS;16:00 - 16:30;14;57
16403;AVILES;ASTURIAS;17:00 - 17:30;20;32
16403;AVILES;ASTURIAS;18:00 - 18:30;23;23
16403;AVILES;ASTURIAS;18:30 - 19:00;18;22
16403;AVILES;ASTURIAS;19:00 - 19:30;12;24
16403;AVILES;ASTURIAS;19:30 - 20:00;14;27
16403;AVILES;ASTURIAS;20:00 - 20:30;21;20
16403;AVILES;ASTURIAS;20:30 - 21:00;18;13
16403;AVILES;ASTURIAS;21:00 - 21:30;20;36
16403;AVILES;ASTURIAS;21:30 - 22:00;5;0
16403;AVILES;ASTURIAS;22:00 - 22:30;6;12
16403;AVILES;ASTURIAS;23:00 - 23:30;12;7
16405;SAN JUAN DE NIEVA;ASTURIAS;06:30 - 07:00;1;2
16405;SAN JUAN DE NIEVA;ASTURIAS;07:00 - 07:30;0;3
16405;SAN JUAN DE NIEVA;ASTURIAS;07:30 - 08:00;0;4
16405;SAN JUAN DE NIEVA;ASTURIAS;08:00 - 08:30;2;0
16405;SAN JUAN DE NIEVA;ASTURIAS;08:30 - 09:00;0;0
16405;SAN JUAN DE NIEVA;ASTURIAS;09:30 - 10:00;0;1
16405;SAN JUAN DE NIEVA;ASTURIAS;11:00 - 11:30;0;1
16405;SAN JUAN DE NIEVA;ASTURIAS;11:30 - 12:00;0;0
16405;SAN JUAN DE NIEVA;ASTURIAS;13:30 - 14:00;1;4
16405;SAN JUAN DE NIEVA;ASTURIAS;14:00 - 14:30;1;0
16405;SAN JUAN DE NIEVA;ASTURIAS;14:30 - 15:00;1;1
16405;SAN JUAN DE NIEVA;ASTURIAS;16:00 - 16:30;7;1
16405;SAN JUAN DE NIEVA;ASTURIAS;17:00 - 17:30;3;0
16405;SAN JUAN DE NIEVA;ASTURIAS;18:30 - 19:00;4;0
16405;SAN JUAN DE NIEVA;ASTURIAS;19:30 - 20:00;2;1
16405;SAN JUAN DE NIEVA;ASTURIAS;21:30 - 22:00;0;1
16405;SAN JUAN DE NIEVA;ASTURIAS;23:00 - 23:30;1;1
16408;LOS CAMPOS;ASTURIAS;06:00 - 06:30;1;1
16408;LOS CAMPOS;ASTURIAS;06:30 - 07:00;3;1
16408;LOS CAMPOS;ASTURIAS;07:00 - 07:30;8;0
16408;LOS CAMPOS;ASTURIAS;07:30 - 08:00;15;1
16408;LOS CAMPOS;ASTURIAS;08:00 - 08:30;26;10
16408;LOS CAMPOS;ASTURIAS;08:30 - 09:00;10;2
16408;LOS CAMPOS;ASTURIAS;09:00 - 09:30;9;12
16408;LOS CAMPOS;ASTURIAS;09:30 - 10:00;3;1
16408;LOS CAMPOS;ASTURIAS;10:00 - 10:30;2;2
16408;LOS CAMPOS;ASTURIAS;10:30 - 11:00;3;1
16408;LOS CAMPOS;ASTURIAS;11:00 - 11:30;2;1
16408;LOS CAMPOS;ASTURIAS;11:30 - 12:00;4;0
16408;LOS CAMPOS;ASTURIAS;12:00 - 12:30;4;5
16408;LOS CAMPOS;ASTURIAS;13:00 - 13:30;12;5
16408;LOS CAMPOS;ASTURIAS;13:30 - 14:00;7;4
16408;LOS CAMPOS;ASTURIAS;14:00 - 14:30;12;7
16408;LOS CAMPOS;ASTURIAS;14:30 - 15:00;0;3
16408;LOS CAMPOS;ASTURIAS;15:00 - 15:30;8;12
16408;LOS CAMPOS;ASTURIAS;15:30 - 16:00;2;9
16408;LOS CAMPOS;ASTURIAS;16:00 - 16:30;11;6
16408;LOS CAMPOS;ASTURIAS;17:00 - 17:30;5;7
16408;LOS CAMPOS;ASTURIAS;18:00 - 18:30;2;12
16408;LOS CAMPOS;ASTURIAS;18:30 - 19:00;1;7
16408;LOS CAMPOS;ASTURIAS;19:00 - 19:30;4;6
16408;LOS CAMPOS;ASTURIAS;19:30 - 20:00;5;7
16408;LOS CAMPOS;ASTURIAS;20:00 - 20:30;0;4
16408;LOS CAMPOS;ASTURIAS;20:30 - 21:00;0;7
16408;LOS CAMPOS;ASTURIAS;21:00 - 21:30;2;10
16408;LOS CAMPOS;ASTURIAS;21:30 - 22:00;0;0
16408;LOS CAMPOS;ASTURIAS;22:00 - 22:30;0;7
16408;LOS CAMPOS;ASTURIAS;23:00 - 23:30;0;7
15118;PUENTE DE LOS FIERROS;ASTURIAS;11:00 - 11:30;6;0
15118;PUENTE DE LOS FIERROS;ASTURIAS;17:30 - 18:00;0;7
